Copyright 1986-2022 Xilinx, Inc. All Rights Reserved. Copyright 2022-2026 Advanced Micro Devices, Inc. All Rights Reserved.
------------------------------------------------------------------------------------------------------------------------------------------------------------------------------------------------------------------------------------
| Tool Version : Vivado v.2026.1 (win64) Build 6511674 Tue Jun 16 11:02:23 MDT 2026
| Date         : Mon Sep 28 16:31:09 2026
| Host         : DESKTOP-0HMDJIE running 64-bit major release  (build 9200)
| Command      : report_timing_summary -max_paths 10 -routable_nets -report_unconstrained -file js05_top_timing_summary_routed.rpt -pb js05_top_timing_summary_routed.pb -rpx js05_top_timing_summary_routed.rpx -warn_on_violation
| Design       : js05_top
| Device       : 7a35t-cpg236
| Speed File   : -1  PRODUCTION 1.23 2018-06-13
| Design State : Routed
------------------------------------------------------------------------------------------------------------------------------------------------------------------------------------------------------------------------------------

Timing Summary Report

------------------------------------------------------------------------------------------------
| Timer Settings
| --------------
------------------------------------------------------------------------------------------------

  Enable Multi Corner Analysis               :  Yes
  Enable Pessimism Removal                   :  Yes
  Pessimism Removal Resolution               :  Nearest Common Node
  Enable Input Delay Default Clock           :  No
  Enable Preset / Clear Arcs                 :  No
  Disable Flight Delays                      :  No
  Ignore I/O Paths                           :  No
  Timing Early Launch at Borrowing Latches   :  No
  Borrow Time for Max Delay Exceptions       :  Yes
  Merge Timing Exceptions                    :  Yes
  Inter-SLR Compensation                     :  Conservative

  Corner  Analyze    Analyze    
  Name    Max Paths  Min Paths  
  ------  ---------  ---------  
  Slow    Yes        Yes        
  Fast    Yes        Yes        


------------------------------------------------------------------------------------------------
| Report Methodology
| ------------------
------------------------------------------------------------------------------------------------

Rule       Severity  Description                    Violations  
---------  --------  -----------------------------  ----------  
TIMING-18  Warning   Missing input or output delay  15          

Note: This report is based on the most recent report_methodology run and may not be up-to-date. Run report_methodology on the current design for the latest report.



check_timing report

Table of Contents
-----------------
1. checking no_clock (0)
2. checking constant_clock (0)
3. checking pulse_width_clock (0)
4. checking unconstrained_internal_endpoints (0)
5. checking no_input_delay (4)
6. checking no_output_delay (11)
7. checking multiple_clock (0)
8. checking generated_clocks (0)
9. checking loops (0)
10. checking partial_input_delay (0)
11. checking partial_output_delay (0)
12. checking latch_loops (0)

1. checking no_clock (0)
------------------------
 There are 0 register/latch pins with no clock.


2. checking constant_clock (0)
------------------------------
 There are 0 register/latch pins with constant_clock.


3. checking pulse_width_clock (0)
---------------------------------
 There are 0 register/latch pins which need pulse_width check


4. checking unconstrained_internal_endpoints (0)
------------------------------------------------
 There are 0 pins that are not constrained for maximum delay.

 There are 0 pins that are not constrained for maximum delay due to constant clock.


5. checking no_input_delay (4)
------------------------------
 There are 4 input ports with no input delay specified. (HIGH)

 There are 0 input ports with no input delay but user has a false path constraint.


6. checking no_output_delay (11)
--------------------------------
 There are 11 ports with no output delay specified. (HIGH)

 There are 0 ports with no output delay but user has a false path constraint

 There are 0 ports with no output delay but with a timing clock defined on it or propagating through it


7. checking multiple_clock (0)
------------------------------
 There are 0 register/latch pins with multiple clocks.


8. checking generated_clocks (0)
--------------------------------
 There are 0 generated clocks that are not connected to a clock source.


9. checking loops (0)
---------------------
 There are 0 combinational loops in the design.


10. checking partial_input_delay (0)
------------------------------------
 There are 0 input ports with partial input delay specified.


11. checking partial_output_delay (0)
-------------------------------------
 There are 0 ports with partial output delay specified.


12. checking latch_loops (0)
----------------------------
 There are 0 combinational latch loops in the design through latch input



------------------------------------------------------------------------------------------------
| Design Timing Summary
| ---------------------
------------------------------------------------------------------------------------------------

    WNS(ns)      TNS(ns)  TNS Failing Endpoints  TNS Total Endpoints      WHS(ns)      THS(ns)  THS Failing Endpoints  THS Total Endpoints     WPWS(ns)     TPWS(ns)  TPWS Failing Endpoints  TPWS Total Endpoints  
    -------      -------  ---------------------  -------------------      -------      -------  ---------------------  -------------------     --------     --------  ----------------------  --------------------  
      5.138        0.000                      0                  213        0.235        0.000                      0                  213        4.500        0.000                       0                   107  


All user specified timing constraints are met.


------------------------------------------------------------------------------------------------
| Clock Summary
| -------------
------------------------------------------------------------------------------------------------

Clock        Waveform(ns)       Period(ns)      Frequency(MHz)
-----        ------------       ----------      --------------
sys_clk_pin  {0.000 5.000}      10.000          100.000         


------------------------------------------------------------------------------------------------
| Intra Clock Table
| -----------------
------------------------------------------------------------------------------------------------

Clock             WNS(ns)      TNS(ns)  TNS Failing Endpoints  TNS Total Endpoints      WHS(ns)      THS(ns)  THS Failing Endpoints  THS Total Endpoints     WPWS(ns)     TPWS(ns)  TPWS Failing Endpoints  TPWS Total Endpoints  
-----             -------      -------  ---------------------  -------------------      -------      -------  ---------------------  -------------------     --------     --------  ----------------------  --------------------  
sys_clk_pin         5.138        0.000                      0                  213        0.235        0.000                      0                  213        4.500        0.000                       0                   107  


------------------------------------------------------------------------------------------------
| Inter Clock Table
| -----------------
------------------------------------------------------------------------------------------------

From Clock    To Clock          WNS(ns)      TNS(ns)  TNS Failing Endpoints  TNS Total Endpoints      WHS(ns)      THS(ns)  THS Failing Endpoints  THS Total Endpoints  
----------    --------          -------      -------  ---------------------  -------------------      -------      -------  ---------------------  -------------------  


------------------------------------------------------------------------------------------------
| Other Path Groups Table
| -----------------------
------------------------------------------------------------------------------------------------

Path Group    From Clock    To Clock          WNS(ns)      TNS(ns)  TNS Failing Endpoints  TNS Total Endpoints      WHS(ns)      THS(ns)  THS Failing Endpoints  THS Total Endpoints  
----------    ----------    --------          -------      -------  ---------------------  -------------------      -------      -------  ---------------------  -------------------  


------------------------------------------------------------------------------------------------
| User Ignored Path Table
| -----------------------
------------------------------------------------------------------------------------------------

Path Group    From Clock    To Clock    
----------    ----------    --------    


------------------------------------------------------------------------------------------------
| Unconstrained Path Table
| ------------------------
------------------------------------------------------------------------------------------------

Path Group    From Clock    To Clock    
----------    ----------    --------    
(none)        sys_clk_pin                 
(none)                      sys_clk_pin   


------------------------------------------------------------------------------------------------
| Timing Details
| --------------
------------------------------------------------------------------------------------------------


---------------------------------------------------------------------------------------------------
From Clock:  sys_clk_pin
  To Clock:  sys_clk_pin

Setup :            0  Failing Endpoints,  Worst Slack        5.138ns,  Total Violation        0.000ns
Hold  :            0  Failing Endpoints,  Worst Slack        0.235ns,  Total Violation        0.000ns
PW    :            0  Failing Endpoints,  Worst Slack        4.500ns,  Total Violation        0.000ns
---------------------------------------------------------------------------------------------------


Max Delay Paths
--------------------------------------------------------------------------------------
Slack (MET) :             5.138ns  (required time - arrival time)
  Source:                 disp/tick_cnt_reg[0]/C
                            (rising edge-triggered cell FDRE clocked by sys_clk_pin  {rise@0.000ns fall@5.000ns period=10.000ns})
  Destination:            disp/tick_cnt_reg[5]/R
                            (rising edge-triggered cell FDRE clocked by sys_clk_pin  {rise@0.000ns fall@5.000ns period=10.000ns})
  Path Group:             sys_clk_pin
  Path Type:              Setup (Max at Slow Process Corner)
  Requirement:            10.000ns  (sys_clk_pin rise@10.000ns - sys_clk_pin rise@0.000ns)
  Data Path Delay:        4.376ns  (logic 0.704ns (16.089%)  route 3.672ns (83.911%))
  Logic Levels:           2  (LUT5=1 LUT6=1)
  Clock Path Skew:        -0.022ns (DCD - SCD + CPR)
    Destination Clock Delay (DCD):    4.849ns = ( 14.849 - 10.000 ) 
    Source Clock Delay      (SCD):    5.145ns
    Clock Pessimism Removal (CPR):    0.274ns
  Clock Uncertainty:      0.035ns  ((TSJ^2 + TIJ^2)^1/2 + DJ) / 2 + PE
    Total System Jitter     (TSJ):    0.071ns
    Total Input Jitter      (TIJ):    0.000ns
    Discrete Jitter          (DJ):    0.000ns
    Phase Error              (PE):    0.000ns

    Location             Delay type                Incr(ns)  Path(ns)    Netlist Resource(s)
  -------------------------------------------------------------------    -------------------
                         (clock sys_clk_pin rise edge)
                                                      0.000     0.000 r  <hidden>
    W5                                                0.000     0.000 r  clk
                         net (fo=0)                   0.000     0.000    clk
    W5                   IBUF (Prop_ibuf_I_O)         1.458     1.458 r  clk_IBUF_inst/O
                         net (fo=1, routed)           1.967     3.425    clk_IBUF
    BUFGCTRL_X0Y0        BUFG (Prop_bufg_I_O)         0.096     3.521 r  clk_IBUF_BUFG_inst/O
                         net (fo=106, routed)         1.624     5.145    disp/clk_IBUF_BUFG
    SLICE_X62Y21         FDRE                                         r  disp/tick_cnt_reg[0]/C
  -------------------------------------------------------------------    -------------------
    SLICE_X62Y21         FDRE (Prop_fdre_C_Q)         0.456     5.601 r  disp/tick_cnt_reg[0]/Q
                         net (fo=3, routed)           2.168     7.769    disp/tick_cnt[0]
    SLICE_X62Y21         LUT5 (Prop_lut5_I0_O)        0.124     7.893 f  disp/tick_cnt[16]_i_2/O
                         net (fo=1, routed)           0.646     8.540    disp/tick_cnt[16]_i_2_n_0
    SLICE_X62Y20         LUT6 (Prop_lut6_I4_O)        0.124     8.664 r  disp/tick_cnt[16]_i_1/O
                         net (fo=18, routed)          0.857     9.521    disp/tick_cnt[16]_i_1_n_0
    SLICE_X63Y20         FDRE                                         r  disp/tick_cnt_reg[5]/R
  -------------------------------------------------------------------    -------------------

                         (clock sys_clk_pin rise edge)
                                                     10.000    10.000 r  <hidden>
    W5                                                0.000    10.000 r  clk
                         net (fo=0)                   0.000    10.000    clk
    W5                   IBUF (Prop_ibuf_I_O)         1.388    11.388 r  clk_IBUF_inst/O
                         net (fo=1, routed)           1.862    13.250    clk_IBUF
    BUFGCTRL_X0Y0        BUFG (Prop_bufg_I_O)         0.091    13.341 r  clk_IBUF_BUFG_inst/O
                         net (fo=106, routed)         1.508    14.849    disp/clk_IBUF_BUFG
    SLICE_X63Y20         FDRE                                         r  disp/tick_cnt_reg[5]/C
                         clock pessimism              0.274    15.123    <hidden>
                         clock uncertainty           -0.035    15.088    <hidden>
    SLICE_X63Y20         FDRE (Setup_fdre_C_R)       -0.429    14.659    disp/tick_cnt_reg[5]
  -------------------------------------------------------------------
                         required time                         14.659    <hidden>
                         arrival time                          -9.521    <hidden>
  -------------------------------------------------------------------
                         slack                                  5.138    <hidden>

Slack (MET) :             5.138ns  (required time - arrival time)
  Source:                 disp/tick_cnt_reg[0]/C
                            (rising edge-triggered cell FDRE clocked by sys_clk_pin  {rise@0.000ns fall@5.000ns period=10.000ns})
  Destination:            disp/tick_cnt_reg[6]/R
                            (rising edge-triggered cell FDRE clocked by sys_clk_pin  {rise@0.000ns fall@5.000ns period=10.000ns})
  Path Group:             sys_clk_pin
  Path Type:              Setup (Max at Slow Process Corner)
  Requirement:            10.000ns  (sys_clk_pin rise@10.000ns - sys_clk_pin rise@0.000ns)
  Data Path Delay:        4.376ns  (logic 0.704ns (16.089%)  route 3.672ns (83.911%))
  Logic Levels:           2  (LUT5=1 LUT6=1)
  Clock Path Skew:        -0.022ns (DCD - SCD + CPR)
    Destination Clock Delay (DCD):    4.849ns = ( 14.849 - 10.000 ) 
    Source Clock Delay      (SCD):    5.145ns
    Clock Pessimism Removal (CPR):    0.274ns
  Clock Uncertainty:      0.035ns  ((TSJ^2 + TIJ^2)^1/2 + DJ) / 2 + PE
    Total System Jitter     (TSJ):    0.071ns
    Total Input Jitter      (TIJ):    0.000ns
    Discrete Jitter          (DJ):    0.000ns
    Phase Error              (PE):    0.000ns

    Location             Delay type                Incr(ns)  Path(ns)    Netlist Resource(s)
  -------------------------------------------------------------------    -------------------
                         (clock sys_clk_pin rise edge)
                                                      0.000     0.000 r  <hidden>
    W5                                                0.000     0.000 r  clk
                         net (fo=0)                   0.000     0.000    clk
    W5                   IBUF (Prop_ibuf_I_O)         1.458     1.458 r  clk_IBUF_inst/O
                         net (fo=1, routed)           1.967     3.425    clk_IBUF
    BUFGCTRL_X0Y0        BUFG (Prop_bufg_I_O)         0.096     3.521 r  clk_IBUF_BUFG_inst/O
                         net (fo=106, routed)         1.624     5.145    disp/clk_IBUF_BUFG
    SLICE_X62Y21         FDRE                                         r  disp/tick_cnt_reg[0]/C
  -------------------------------------------------------------------    -------------------
    SLICE_X62Y21         FDRE (Prop_fdre_C_Q)         0.456     5.601 r  disp/tick_cnt_reg[0]/Q
                         net (fo=3, routed)           2.168     7.769    disp/tick_cnt[0]
    SLICE_X62Y21         LUT5 (Prop_lut5_I0_O)        0.124     7.893 f  disp/tick_cnt[16]_i_2/O
                         net (fo=1, routed)           0.646     8.540    disp/tick_cnt[16]_i_2_n_0
    SLICE_X62Y20         LUT6 (Prop_lut6_I4_O)        0.124     8.664 r  disp/tick_cnt[16]_i_1/O
                         net (fo=18, routed)          0.857     9.521    disp/tick_cnt[16]_i_1_n_0
    SLICE_X63Y20         FDRE                                         r  disp/tick_cnt_reg[6]/R
  -------------------------------------------------------------------    -------------------

                         (clock sys_clk_pin rise edge)
                                                     10.000    10.000 r  <hidden>
    W5                                                0.000    10.000 r  clk
                         net (fo=0)                   0.000    10.000    clk
    W5                   IBUF (Prop_ibuf_I_O)         1.388    11.388 r  clk_IBUF_inst/O
                         net (fo=1, routed)           1.862    13.250    clk_IBUF
    BUFGCTRL_X0Y0        BUFG (Prop_bufg_I_O)         0.091    13.341 r  clk_IBUF_BUFG_inst/O
                         net (fo=106, routed)         1.508    14.849    disp/clk_IBUF_BUFG
    SLICE_X63Y20         FDRE                                         r  disp/tick_cnt_reg[6]/C
                         clock pessimism              0.274    15.123    <hidden>
                         clock uncertainty           -0.035    15.088    <hidden>
    SLICE_X63Y20         FDRE (Setup_fdre_C_R)       -0.429    14.659    disp/tick_cnt_reg[6]
  -------------------------------------------------------------------
                         required time                         14.659    <hidden>
                         arrival time                          -9.521    <hidden>
  -------------------------------------------------------------------
                         slack                                  5.138    <hidden>

Slack (MET) :             5.138ns  (required time - arrival time)
  Source:                 disp/tick_cnt_reg[0]/C
                            (rising edge-triggered cell FDRE clocked by sys_clk_pin  {rise@0.000ns fall@5.000ns period=10.000ns})
  Destination:            disp/tick_cnt_reg[7]/R
                            (rising edge-triggered cell FDRE clocked by sys_clk_pin  {rise@0.000ns fall@5.000ns period=10.000ns})
  Path Group:             sys_clk_pin
  Path Type:              Setup (Max at Slow Process Corner)
  Requirement:            10.000ns  (sys_clk_pin rise@10.000ns - sys_clk_pin rise@0.000ns)
  Data Path Delay:        4.376ns  (logic 0.704ns (16.089%)  route 3.672ns (83.911%))
  Logic Levels:           2  (LUT5=1 LUT6=1)
  Clock Path Skew:        -0.022ns (DCD - SCD + CPR)
    Destination Clock Delay (DCD):    4.849ns = ( 14.849 - 10.000 ) 
    Source Clock Delay      (SCD):    5.145ns
    Clock Pessimism Removal (CPR):    0.274ns
  Clock Uncertainty:      0.035ns  ((TSJ^2 + TIJ^2)^1/2 + DJ) / 2 + PE
    Total System Jitter     (TSJ):    0.071ns
    Total Input Jitter      (TIJ):    0.000ns
    Discrete Jitter          (DJ):    0.000ns
    Phase Error              (PE):    0.000ns

    Location             Delay type                Incr(ns)  Path(ns)    Netlist Resource(s)
  -------------------------------------------------------------------    -------------------
                         (clock sys_clk_pin rise edge)
                                                      0.000     0.000 r  <hidden>
    W5                                                0.000     0.000 r  clk
                         net (fo=0)                   0.000     0.000    clk
    W5                   IBUF (Prop_ibuf_I_O)         1.458     1.458 r  clk_IBUF_inst/O
                         net (fo=1, routed)           1.967     3.425    clk_IBUF
    BUFGCTRL_X0Y0        BUFG (Prop_bufg_I_O)         0.096     3.521 r  clk_IBUF_BUFG_inst/O
                         net (fo=106, routed)         1.624     5.145    disp/clk_IBUF_BUFG
    SLICE_X62Y21         FDRE                                         r  disp/tick_cnt_reg[0]/C
  -------------------------------------------------------------------    -------------------
    SLICE_X62Y21         FDRE (Prop_fdre_C_Q)         0.456     5.601 r  disp/tick_cnt_reg[0]/Q
                         net (fo=3, routed)           2.168     7.769    disp/tick_cnt[0]
    SLICE_X62Y21         LUT5 (Prop_lut5_I0_O)        0.124     7.893 f  disp/tick_cnt[16]_i_2/O
                         net (fo=1, routed)           0.646     8.540    disp/tick_cnt[16]_i_2_n_0
    SLICE_X62Y20         LUT6 (Prop_lut6_I4_O)        0.124     8.664 r  disp/tick_cnt[16]_i_1/O
                         net (fo=18, routed)          0.857     9.521    disp/tick_cnt[16]_i_1_n_0
    SLICE_X63Y20         FDRE                                         r  disp/tick_cnt_reg[7]/R
  -------------------------------------------------------------------    -------------------

                         (clock sys_clk_pin rise edge)
                                                     10.000    10.000 r  <hidden>
    W5                                                0.000    10.000 r  clk
                         net (fo=0)                   0.000    10.000    clk
    W5                   IBUF (Prop_ibuf_I_O)         1.388    11.388 r  clk_IBUF_inst/O
                         net (fo=1, routed)           1.862    13.250    clk_IBUF
    BUFGCTRL_X0Y0        BUFG (Prop_bufg_I_O)         0.091    13.341 r  clk_IBUF_BUFG_inst/O
                         net (fo=106, routed)         1.508    14.849    disp/clk_IBUF_BUFG
    SLICE_X63Y20         FDRE                                         r  disp/tick_cnt_reg[7]/C
                         clock pessimism              0.274    15.123    <hidden>
                         clock uncertainty           -0.035    15.088    <hidden>
    SLICE_X63Y20         FDRE (Setup_fdre_C_R)       -0.429    14.659    disp/tick_cnt_reg[7]
  -------------------------------------------------------------------
                         required time                         14.659    <hidden>
                         arrival time                          -9.521    <hidden>
  -------------------------------------------------------------------
                         slack                                  5.138    <hidden>

Slack (MET) :             5.138ns  (required time - arrival time)
  Source:                 disp/tick_cnt_reg[0]/C
                            (rising edge-triggered cell FDRE clocked by sys_clk_pin  {rise@0.000ns fall@5.000ns period=10.000ns})
  Destination:            disp/tick_cnt_reg[8]/R
                            (rising edge-triggered cell FDRE clocked by sys_clk_pin  {rise@0.000ns fall@5.000ns period=10.000ns})
  Path Group:             sys_clk_pin
  Path Type:              Setup (Max at Slow Process Corner)
  Requirement:            10.000ns  (sys_clk_pin rise@10.000ns - sys_clk_pin rise@0.000ns)
  Data Path Delay:        4.376ns  (logic 0.704ns (16.089%)  route 3.672ns (83.911%))
  Logic Levels:           2  (LUT5=1 LUT6=1)
  Clock Path Skew:        -0.022ns (DCD - SCD + CPR)
    Destination Clock Delay (DCD):    4.849ns = ( 14.849 - 10.000 ) 
    Source Clock Delay      (SCD):    5.145ns
    Clock Pessimism Removal (CPR):    0.274ns
  Clock Uncertainty:      0.035ns  ((TSJ^2 + TIJ^2)^1/2 + DJ) / 2 + PE
    Total System Jitter     (TSJ):    0.071ns
    Total Input Jitter      (TIJ):    0.000ns
    Discrete Jitter          (DJ):    0.000ns
    Phase Error              (PE):    0.000ns

    Location             Delay type                Incr(ns)  Path(ns)    Netlist Resource(s)
  -------------------------------------------------------------------    -------------------
                         (clock sys_clk_pin rise edge)
                                                      0.000     0.000 r  <hidden>
    W5                                                0.000     0.000 r  clk
                         net (fo=0)                   0.000     0.000    clk
    W5                   IBUF (Prop_ibuf_I_O)         1.458     1.458 r  clk_IBUF_inst/O
                         net (fo=1, routed)           1.967     3.425    clk_IBUF
    BUFGCTRL_X0Y0        BUFG (Prop_bufg_I_O)         0.096     3.521 r  clk_IBUF_BUFG_inst/O
                         net (fo=106, routed)         1.624     5.145    disp/clk_IBUF_BUFG
    SLICE_X62Y21         FDRE                                         r  disp/tick_cnt_reg[0]/C
  -------------------------------------------------------------------    -------------------
    SLICE_X62Y21         FDRE (Prop_fdre_C_Q)         0.456     5.601 r  disp/tick_cnt_reg[0]/Q
                         net (fo=3, routed)           2.168     7.769    disp/tick_cnt[0]
    SLICE_X62Y21         LUT5 (Prop_lut5_I0_O)        0.124     7.893 f  disp/tick_cnt[16]_i_2/O
                         net (fo=1, routed)           0.646     8.540    disp/tick_cnt[16]_i_2_n_0
    SLICE_X62Y20         LUT6 (Prop_lut6_I4_O)        0.124     8.664 r  disp/tick_cnt[16]_i_1/O
                         net (fo=18, routed)          0.857     9.521    disp/tick_cnt[16]_i_1_n_0
    SLICE_X63Y20         FDRE                                         r  disp/tick_cnt_reg[8]/R
  -------------------------------------------------------------------    -------------------

                         (clock sys_clk_pin rise edge)
                                                     10.000    10.000 r  <hidden>
    W5                                                0.000    10.000 r  clk
                         net (fo=0)                   0.000    10.000    clk
    W5                   IBUF (Prop_ibuf_I_O)         1.388    11.388 r  clk_IBUF_inst/O
                         net (fo=1, routed)           1.862    13.250    clk_IBUF
    BUFGCTRL_X0Y0        BUFG (Prop_bufg_I_O)         0.091    13.341 r  clk_IBUF_BUFG_inst/O
                         net (fo=106, routed)         1.508    14.849    disp/clk_IBUF_BUFG
    SLICE_X63Y20         FDRE                                         r  disp/tick_cnt_reg[8]/C
                         clock pessimism              0.274    15.123    <hidden>
                         clock uncertainty           -0.035    15.088    <hidden>
    SLICE_X63Y20         FDRE (Setup_fdre_C_R)       -0.429    14.659    disp/tick_cnt_reg[8]
  -------------------------------------------------------------------
                         required time                         14.659    <hidden>
                         arrival time                          -9.521    <hidden>
  -------------------------------------------------------------------
                         slack                                  5.138    <hidden>

Slack (MET) :             5.216ns  (required time - arrival time)
  Source:                 disp/tick_cnt_reg[0]/C
                            (rising edge-triggered cell FDRE clocked by sys_clk_pin  {rise@0.000ns fall@5.000ns period=10.000ns})
  Destination:            disp/idx_reg[0]__0/CE
                            (rising edge-triggered cell FDRE clocked by sys_clk_pin  {rise@0.000ns fall@5.000ns period=10.000ns})
  Path Group:             sys_clk_pin
  Path Type:              Setup (Max at Slow Process Corner)
  Requirement:            10.000ns  (sys_clk_pin rise@10.000ns - sys_clk_pin rise@0.000ns)
  Data Path Delay:        4.515ns  (logic 0.704ns (15.592%)  route 3.811ns (84.408%))
  Logic Levels:           2  (LUT5=1 LUT6=1)
  Clock Path Skew:        -0.028ns (DCD - SCD + CPR)
    Destination Clock Delay (DCD):    4.843ns = ( 14.843 - 10.000 ) 
    Source Clock Delay      (SCD):    5.145ns
    Clock Pessimism Removal (CPR):    0.274ns
  Clock Uncertainty:      0.035ns  ((TSJ^2 + TIJ^2)^1/2 + DJ) / 2 + PE
    Total System Jitter     (TSJ):    0.071ns
    Total Input Jitter      (TIJ):    0.000ns
    Discrete Jitter          (DJ):    0.000ns
    Phase Error              (PE):    0.000ns

    Location             Delay type                Incr(ns)  Path(ns)    Netlist Resource(s)
  -------------------------------------------------------------------    -------------------
                         (clock sys_clk_pin rise edge)
                                                      0.000     0.000 r  <hidden>
    W5                                                0.000     0.000 r  clk
                         net (fo=0)                   0.000     0.000    clk
    W5                   IBUF (Prop_ibuf_I_O)         1.458     1.458 r  clk_IBUF_inst/O
                         net (fo=1, routed)           1.967     3.425    clk_IBUF
    BUFGCTRL_X0Y0        BUFG (Prop_bufg_I_O)         0.096     3.521 r  clk_IBUF_BUFG_inst/O
                         net (fo=106, routed)         1.624     5.145    disp/clk_IBUF_BUFG
    SLICE_X62Y21         FDRE                                         r  disp/tick_cnt_reg[0]/C
  -------------------------------------------------------------------    -------------------
    SLICE_X62Y21         FDRE (Prop_fdre_C_Q)         0.456     5.601 r  disp/tick_cnt_reg[0]/Q
                         net (fo=3, routed)           2.168     7.769    disp/tick_cnt[0]
    SLICE_X62Y21         LUT5 (Prop_lut5_I0_O)        0.124     7.893 f  disp/tick_cnt[16]_i_2/O
                         net (fo=1, routed)           0.646     8.540    disp/tick_cnt[16]_i_2_n_0
    SLICE_X62Y20         LUT6 (Prop_lut6_I4_O)        0.124     8.664 r  disp/tick_cnt[16]_i_1/O
                         net (fo=18, routed)          0.997     9.660    disp/tick_cnt[16]_i_1_n_0
    SLICE_X63Y24         FDRE                                         r  disp/idx_reg[0]__0/CE
  -------------------------------------------------------------------    -------------------

                         (clock sys_clk_pin rise edge)
                                                     10.000    10.000 r  <hidden>
    W5                                                0.000    10.000 r  clk
                         net (fo=0)                   0.000    10.000    clk
    W5                   IBUF (Prop_ibuf_I_O)         1.388    11.388 r  clk_IBUF_inst/O
                         net (fo=1, routed)           1.862    13.250    clk_IBUF
    BUFGCTRL_X0Y0        BUFG (Prop_bufg_I_O)         0.091    13.341 r  clk_IBUF_BUFG_inst/O
                         net (fo=106, routed)         1.502    14.843    disp/clk_IBUF_BUFG
    SLICE_X63Y24         FDRE                                         r  disp/idx_reg[0]__0/C
                         clock pessimism              0.274    15.117    <hidden>
                         clock uncertainty           -0.035    15.082    <hidden>
    SLICE_X63Y24         FDRE (Setup_fdre_C_CE)      -0.205    14.877    disp/idx_reg[0]__0
  -------------------------------------------------------------------
                         required time                         14.877    <hidden>
                         arrival time                          -9.660    <hidden>
  -------------------------------------------------------------------
                         slack                                  5.216    <hidden>

Slack (MET) :             5.216ns  (required time - arrival time)
  Source:                 disp/tick_cnt_reg[0]/C
                            (rising edge-triggered cell FDRE clocked by sys_clk_pin  {rise@0.000ns fall@5.000ns period=10.000ns})
  Destination:            disp/idx_reg[1]__0/CE
                            (rising edge-triggered cell FDRE clocked by sys_clk_pin  {rise@0.000ns fall@5.000ns period=10.000ns})
  Path Group:             sys_clk_pin
  Path Type:              Setup (Max at Slow Process Corner)
  Requirement:            10.000ns  (sys_clk_pin rise@10.000ns - sys_clk_pin rise@0.000ns)
  Data Path Delay:        4.515ns  (logic 0.704ns (15.592%)  route 3.811ns (84.408%))
  Logic Levels:           2  (LUT5=1 LUT6=1)
  Clock Path Skew:        -0.028ns (DCD - SCD + CPR)
    Destination Clock Delay (DCD):    4.843ns = ( 14.843 - 10.000 ) 
    Source Clock Delay      (SCD):    5.145ns
    Clock Pessimism Removal (CPR):    0.274ns
  Clock Uncertainty:      0.035ns  ((TSJ^2 + TIJ^2)^1/2 + DJ) / 2 + PE
    Total System Jitter     (TSJ):    0.071ns
    Total Input Jitter      (TIJ):    0.000ns
    Discrete Jitter          (DJ):    0.000ns
    Phase Error              (PE):    0.000ns

    Location             Delay type                Incr(ns)  Path(ns)    Netlist Resource(s)
  -------------------------------------------------------------------    -------------------
                         (clock sys_clk_pin rise edge)
                                                      0.000     0.000 r  <hidden>
    W5                                                0.000     0.000 r  clk
                         net (fo=0)                   0.000     0.000    clk
    W5                   IBUF (Prop_ibuf_I_O)         1.458     1.458 r  clk_IBUF_inst/O
                         net (fo=1, routed)           1.967     3.425    clk_IBUF
    BUFGCTRL_X0Y0        BUFG (Prop_bufg_I_O)         0.096     3.521 r  clk_IBUF_BUFG_inst/O
                         net (fo=106, routed)         1.624     5.145    disp/clk_IBUF_BUFG
    SLICE_X62Y21         FDRE                                         r  disp/tick_cnt_reg[0]/C
  -------------------------------------------------------------------    -------------------
    SLICE_X62Y21         FDRE (Prop_fdre_C_Q)         0.456     5.601 r  disp/tick_cnt_reg[0]/Q
                         net (fo=3, routed)           2.168     7.769    disp/tick_cnt[0]
    SLICE_X62Y21         LUT5 (Prop_lut5_I0_O)        0.124     7.893 f  disp/tick_cnt[16]_i_2/O
                         net (fo=1, routed)           0.646     8.540    disp/tick_cnt[16]_i_2_n_0
    SLICE_X62Y20         LUT6 (Prop_lut6_I4_O)        0.124     8.664 r  disp/tick_cnt[16]_i_1/O
                         net (fo=18, routed)          0.997     9.660    disp/tick_cnt[16]_i_1_n_0
    SLICE_X63Y24         FDRE                                         r  disp/idx_reg[1]__0/CE
  -------------------------------------------------------------------    -------------------

                         (clock sys_clk_pin rise edge)
                                                     10.000    10.000 r  <hidden>
    W5                                                0.000    10.000 r  clk
                         net (fo=0)                   0.000    10.000    clk
    W5                   IBUF (Prop_ibuf_I_O)         1.388    11.388 r  clk_IBUF_inst/O
                         net (fo=1, routed)           1.862    13.250    clk_IBUF
    BUFGCTRL_X0Y0        BUFG (Prop_bufg_I_O)         0.091    13.341 r  clk_IBUF_BUFG_inst/O
                         net (fo=106, routed)         1.502    14.843    disp/clk_IBUF_BUFG
    SLICE_X63Y24         FDRE                                         r  disp/idx_reg[1]__0/C
                         clock pessimism              0.274    15.117    <hidden>
                         clock uncertainty           -0.035    15.082    <hidden>
    SLICE_X63Y24         FDRE (Setup_fdre_C_CE)      -0.205    14.877    disp/idx_reg[1]__0
  -------------------------------------------------------------------
                         required time                         14.877    <hidden>
                         arrival time                          -9.660    <hidden>
  -------------------------------------------------------------------
                         slack                                  5.216    <hidden>

Slack (MET) :             5.220ns  (required time - arrival time)
  Source:                 deb_c/cnt_reg[8]/C
                            (rising edge-triggered cell FDRE clocked by sys_clk_pin  {rise@0.000ns fall@5.000ns period=10.000ns})
  Destination:            deb_c/cnt_reg[12]/R
                            (rising edge-triggered cell FDRE clocked by sys_clk_pin  {rise@0.000ns fall@5.000ns period=10.000ns})
  Path Group:             sys_clk_pin
  Path Type:              Setup (Max at Slow Process Corner)
  Requirement:            10.000ns  (sys_clk_pin rise@10.000ns - sys_clk_pin rise@0.000ns)
  Data Path Delay:        4.291ns  (logic 1.671ns (38.943%)  route 2.620ns (61.057%))
  Logic Levels:           4  (CARRY4=2 LUT2=1 LUT3=1)
  Clock Path Skew:        -0.025ns (DCD - SCD + CPR)
    Destination Clock Delay (DCD):    4.853ns = ( 14.853 - 10.000 ) 
    Source Clock Delay      (SCD):    5.152ns
    Clock Pessimism Removal (CPR):    0.274ns
  Clock Uncertainty:      0.035ns  ((TSJ^2 + TIJ^2)^1/2 + DJ) / 2 + PE
    Total System Jitter     (TSJ):    0.071ns
    Total Input Jitter      (TIJ):    0.000ns
    Discrete Jitter          (DJ):    0.000ns
    Phase Error              (PE):    0.000ns

    Location             Delay type                Incr(ns)  Path(ns)    Netlist Resource(s)
  -------------------------------------------------------------------    -------------------
                         (clock sys_clk_pin rise edge)
                                                      0.000     0.000 r  <hidden>
    W5                                                0.000     0.000 r  clk
                         net (fo=0)                   0.000     0.000    clk
    W5                   IBUF (Prop_ibuf_I_O)         1.458     1.458 r  clk_IBUF_inst/O
                         net (fo=1, routed)           1.967     3.425    clk_IBUF
    BUFGCTRL_X0Y0        BUFG (Prop_bufg_I_O)         0.096     3.521 r  clk_IBUF_BUFG_inst/O
                         net (fo=106, routed)         1.631     5.152    deb_c/clk_IBUF_BUFG
    SLICE_X62Y15         FDRE                                         r  deb_c/cnt_reg[8]/C
  -------------------------------------------------------------------    -------------------
    SLICE_X62Y15         FDRE (Prop_fdre_C_Q)         0.456     5.608 f  deb_c/cnt_reg[8]/Q
                         net (fo=2, routed)           0.820     6.429    deb_c/cnt_reg[8]
    SLICE_X61Y15         LUT2 (Prop_lut2_I1_O)        0.124     6.553 r  deb_c/i__carry_i_5__1/O
                         net (fo=1, routed)           0.000     6.553    deb_c/i__carry_i_5__1_n_0
    SLICE_X61Y15         CARRY4 (Prop_carry4_S[1]_CO[3])
                                                      0.550     7.103 r  deb_c/cnt1_inferred__0/i__carry/CO[3]
                         net (fo=1, routed)           0.000     7.103    deb_c/cnt1_inferred__0/i__carry_n_0
    SLICE_X61Y16         CARRY4 (Prop_carry4_CI_CO[2])
                                                      0.228     7.331 f  deb_c/cnt1_inferred__0/i__carry__0/CO[2]
                         net (fo=2, routed)           0.562     7.892    deb_c/cnt1_inferred__0/i__carry__0_n_1
    SLICE_X61Y19         LUT3 (Prop_lut3_I2_O)        0.313     8.205 r  deb_c/cnt[0]_i_1__2/O
                         net (fo=20, routed)          1.238     9.443    deb_c/cnt[0]_i_1__2_n_0
    SLICE_X62Y16         FDRE                                         r  deb_c/cnt_reg[12]/R
  -------------------------------------------------------------------    -------------------

                         (clock sys_clk_pin rise edge)
                                                     10.000    10.000 r  <hidden>
    W5                                                0.000    10.000 r  clk
                         net (fo=0)                   0.000    10.000    clk
    W5                   IBUF (Prop_ibuf_I_O)         1.388    11.388 r  clk_IBUF_inst/O
                         net (fo=1, routed)           1.862    13.250    clk_IBUF
    BUFGCTRL_X0Y0        BUFG (Prop_bufg_I_O)         0.091    13.341 r  clk_IBUF_BUFG_inst/O
                         net (fo=106, routed)         1.512    14.853    deb_c/clk_IBUF_BUFG
    SLICE_X62Y16         FDRE                                         r  deb_c/cnt_reg[12]/C
                         clock pessimism              0.274    15.127    <hidden>
                         clock uncertainty           -0.035    15.092    <hidden>
    SLICE_X62Y16         FDRE (Setup_fdre_C_R)       -0.429    14.663    deb_c/cnt_reg[12]
  -------------------------------------------------------------------
                         required time                         14.663    <hidden>
                         arrival time                          -9.443    <hidden>
  -------------------------------------------------------------------
                         slack                                  5.220    <hidden>

Slack (MET) :             5.220ns  (required time - arrival time)
  Source:                 deb_c/cnt_reg[8]/C
                            (rising edge-triggered cell FDRE clocked by sys_clk_pin  {rise@0.000ns fall@5.000ns period=10.000ns})
  Destination:            deb_c/cnt_reg[13]/R
                            (rising edge-triggered cell FDRE clocked by sys_clk_pin  {rise@0.000ns fall@5.000ns period=10.000ns})
  Path Group:             sys_clk_pin
  Path Type:              Setup (Max at Slow Process Corner)
  Requirement:            10.000ns  (sys_clk_pin rise@10.000ns - sys_clk_pin rise@0.000ns)
  Data Path Delay:        4.291ns  (logic 1.671ns (38.943%)  route 2.620ns (61.057%))
  Logic Levels:           4  (CARRY4=2 LUT2=1 LUT3=1)
  Clock Path Skew:        -0.025ns (DCD - SCD + CPR)
    Destination Clock Delay (DCD):    4.853ns = ( 14.853 - 10.000 ) 
    Source Clock Delay      (SCD):    5.152ns
    Clock Pessimism Removal (CPR):    0.274ns
  Clock Uncertainty:      0.035ns  ((TSJ^2 + TIJ^2)^1/2 + DJ) / 2 + PE
    Total System Jitter     (TSJ):    0.071ns
    Total Input Jitter      (TIJ):    0.000ns
    Discrete Jitter          (DJ):    0.000ns
    Phase Error              (PE):    0.000ns

    Location             Delay type                Incr(ns)  Path(ns)    Netlist Resource(s)
  -------------------------------------------------------------------    -------------------
                         (clock sys_clk_pin rise edge)
                                                      0.000     0.000 r  <hidden>
    W5                                                0.000     0.000 r  clk
                         net (fo=0)                   0.000     0.000    clk
    W5                   IBUF (Prop_ibuf_I_O)         1.458     1.458 r  clk_IBUF_inst/O
                         net (fo=1, routed)           1.967     3.425    clk_IBUF
    BUFGCTRL_X0Y0        BUFG (Prop_bufg_I_O)         0.096     3.521 r  clk_IBUF_BUFG_inst/O
                         net (fo=106, routed)         1.631     5.152    deb_c/clk_IBUF_BUFG
    SLICE_X62Y15         FDRE                                         r  deb_c/cnt_reg[8]/C
  -------------------------------------------------------------------    -------------------
    SLICE_X62Y15         FDRE (Prop_fdre_C_Q)         0.456     5.608 f  deb_c/cnt_reg[8]/Q
                         net (fo=2, routed)           0.820     6.429    deb_c/cnt_reg[8]
    SLICE_X61Y15         LUT2 (Prop_lut2_I1_O)        0.124     6.553 r  deb_c/i__carry_i_5__1/O
                         net (fo=1, routed)           0.000     6.553    deb_c/i__carry_i_5__1_n_0
    SLICE_X61Y15         CARRY4 (Prop_carry4_S[1]_CO[3])
                                                      0.550     7.103 r  deb_c/cnt1_inferred__0/i__carry/CO[3]
                         net (fo=1, routed)           0.000     7.103    deb_c/cnt1_inferred__0/i__carry_n_0
    SLICE_X61Y16         CARRY4 (Prop_carry4_CI_CO[2])
                                                      0.228     7.331 f  deb_c/cnt1_inferred__0/i__carry__0/CO[2]
                         net (fo=2, routed)           0.562     7.892    deb_c/cnt1_inferred__0/i__carry__0_n_1
    SLICE_X61Y19         LUT3 (Prop_lut3_I2_O)        0.313     8.205 r  deb_c/cnt[0]_i_1__2/O
                         net (fo=20, routed)          1.238     9.443    deb_c/cnt[0]_i_1__2_n_0
    SLICE_X62Y16         FDRE                                         r  deb_c/cnt_reg[13]/R
  -------------------------------------------------------------------    -------------------

                         (clock sys_clk_pin rise edge)
                                                     10.000    10.000 r  <hidden>
    W5                                                0.000    10.000 r  clk
                         net (fo=0)                   0.000    10.000    clk
    W5                   IBUF (Prop_ibuf_I_O)         1.388    11.388 r  clk_IBUF_inst/O
                         net (fo=1, routed)           1.862    13.250    clk_IBUF
    BUFGCTRL_X0Y0        BUFG (Prop_bufg_I_O)         0.091    13.341 r  clk_IBUF_BUFG_inst/O
                         net (fo=106, routed)         1.512    14.853    deb_c/clk_IBUF_BUFG
    SLICE_X62Y16         FDRE                                         r  deb_c/cnt_reg[13]/C
                         clock pessimism              0.274    15.127    <hidden>
                         clock uncertainty           -0.035    15.092    <hidden>
    SLICE_X62Y16         FDRE (Setup_fdre_C_R)       -0.429    14.663    deb_c/cnt_reg[13]
  -------------------------------------------------------------------
                         required time                         14.663    <hidden>
                         arrival time                          -9.443    <hidden>
  -------------------------------------------------------------------
                         slack                                  5.220    <hidden>

Slack (MET) :             5.220ns  (required time - arrival time)
  Source:                 deb_c/cnt_reg[8]/C
                            (rising edge-triggered cell FDRE clocked by sys_clk_pin  {rise@0.000ns fall@5.000ns period=10.000ns})
  Destination:            deb_c/cnt_reg[14]/R
                            (rising edge-triggered cell FDRE clocked by sys_clk_pin  {rise@0.000ns fall@5.000ns period=10.000ns})
  Path Group:             sys_clk_pin
  Path Type:              Setup (Max at Slow Process Corner)
  Requirement:            10.000ns  (sys_clk_pin rise@10.000ns - sys_clk_pin rise@0.000ns)
  Data Path Delay:        4.291ns  (logic 1.671ns (38.943%)  route 2.620ns (61.057%))
  Logic Levels:           4  (CARRY4=2 LUT2=1 LUT3=1)
  Clock Path Skew:        -0.025ns (DCD - SCD + CPR)
    Destination Clock Delay (DCD):    4.853ns = ( 14.853 - 10.000 ) 
    Source Clock Delay      (SCD):    5.152ns
    Clock Pessimism Removal (CPR):    0.274ns
  Clock Uncertainty:      0.035ns  ((TSJ^2 + TIJ^2)^1/2 + DJ) / 2 + PE
    Total System Jitter     (TSJ):    0.071ns
    Total Input Jitter      (TIJ):    0.000ns
    Discrete Jitter          (DJ):    0.000ns
    Phase Error              (PE):    0.000ns

    Location             Delay type                Incr(ns)  Path(ns)    Netlist Resource(s)
  -------------------------------------------------------------------    -------------------
                         (clock sys_clk_pin rise edge)
                                                      0.000     0.000 r  <hidden>
    W5                                                0.000     0.000 r  clk
                         net (fo=0)                   0.000     0.000    clk
    W5                   IBUF (Prop_ibuf_I_O)         1.458     1.458 r  clk_IBUF_inst/O
                         net (fo=1, routed)           1.967     3.425    clk_IBUF
    BUFGCTRL_X0Y0        BUFG (Prop_bufg_I_O)         0.096     3.521 r  clk_IBUF_BUFG_inst/O
                         net (fo=106, routed)         1.631     5.152    deb_c/clk_IBUF_BUFG
    SLICE_X62Y15         FDRE                                         r  deb_c/cnt_reg[8]/C
  -------------------------------------------------------------------    -------------------
    SLICE_X62Y15         FDRE (Prop_fdre_C_Q)         0.456     5.608 f  deb_c/cnt_reg[8]/Q
                         net (fo=2, routed)           0.820     6.429    deb_c/cnt_reg[8]
    SLICE_X61Y15         LUT2 (Prop_lut2_I1_O)        0.124     6.553 r  deb_c/i__carry_i_5__1/O
                         net (fo=1, routed)           0.000     6.553    deb_c/i__carry_i_5__1_n_0
    SLICE_X61Y15         CARRY4 (Prop_carry4_S[1]_CO[3])
                                                      0.550     7.103 r  deb_c/cnt1_inferred__0/i__carry/CO[3]
                         net (fo=1, routed)           0.000     7.103    deb_c/cnt1_inferred__0/i__carry_n_0
    SLICE_X61Y16         CARRY4 (Prop_carry4_CI_CO[2])
                                                      0.228     7.331 f  deb_c/cnt1_inferred__0/i__carry__0/CO[2]
                         net (fo=2, routed)           0.562     7.892    deb_c/cnt1_inferred__0/i__carry__0_n_1
    SLICE_X61Y19         LUT3 (Prop_lut3_I2_O)        0.313     8.205 r  deb_c/cnt[0]_i_1__2/O
                         net (fo=20, routed)          1.238     9.443    deb_c/cnt[0]_i_1__2_n_0
    SLICE_X62Y16         FDRE                                         r  deb_c/cnt_reg[14]/R
  -------------------------------------------------------------------    -------------------

                         (clock sys_clk_pin rise edge)
                                                     10.000    10.000 r  <hidden>
    W5                                                0.000    10.000 r  clk
                         net (fo=0)                   0.000    10.000    clk
    W5                   IBUF (Prop_ibuf_I_O)         1.388    11.388 r  clk_IBUF_inst/O
                         net (fo=1, routed)           1.862    13.250    clk_IBUF
    BUFGCTRL_X0Y0        BUFG (Prop_bufg_I_O)         0.091    13.341 r  clk_IBUF_BUFG_inst/O
                         net (fo=106, routed)         1.512    14.853    deb_c/clk_IBUF_BUFG
    SLICE_X62Y16         FDRE                                         r  deb_c/cnt_reg[14]/C
                         clock pessimism              0.274    15.127    <hidden>
                         clock uncertainty           -0.035    15.092    <hidden>
    SLICE_X62Y16         FDRE (Setup_fdre_C_R)       -0.429    14.663    deb_c/cnt_reg[14]
  -------------------------------------------------------------------
                         required time                         14.663    <hidden>
                         arrival time                          -9.443    <hidden>
  -------------------------------------------------------------------
                         slack                                  5.220    <hidden>

Slack (MET) :             5.220ns  (required time - arrival time)
  Source:                 deb_c/cnt_reg[8]/C
                            (rising edge-triggered cell FDRE clocked by sys_clk_pin  {rise@0.000ns fall@5.000ns period=10.000ns})
  Destination:            deb_c/cnt_reg[15]/R
                            (rising edge-triggered cell FDRE clocked by sys_clk_pin  {rise@0.000ns fall@5.000ns period=10.000ns})
  Path Group:             sys_clk_pin
  Path Type:              Setup (Max at Slow Process Corner)
  Requirement:            10.000ns  (sys_clk_pin rise@10.000ns - sys_clk_pin rise@0.000ns)
  Data Path Delay:        4.291ns  (logic 1.671ns (38.943%)  route 2.620ns (61.057%))
  Logic Levels:           4  (CARRY4=2 LUT2=1 LUT3=1)
  Clock Path Skew:        -0.025ns (DCD - SCD + CPR)
    Destination Clock Delay (DCD):    4.853ns = ( 14.853 - 10.000 ) 
    Source Clock Delay      (SCD):    5.152ns
    Clock Pessimism Removal (CPR):    0.274ns
  Clock Uncertainty:      0.035ns  ((TSJ^2 + TIJ^2)^1/2 + DJ) / 2 + PE
    Total System Jitter     (TSJ):    0.071ns
    Total Input Jitter      (TIJ):    0.000ns
    Discrete Jitter          (DJ):    0.000ns
    Phase Error              (PE):    0.000ns

    Location             Delay type                Incr(ns)  Path(ns)    Netlist Resource(s)
  -------------------------------------------------------------------    -------------------
                         (clock sys_clk_pin rise edge)
                                                      0.000     0.000 r  <hidden>
    W5                                                0.000     0.000 r  clk
                         net (fo=0)                   0.000     0.000    clk
    W5                   IBUF (Prop_ibuf_I_O)         1.458     1.458 r  clk_IBUF_inst/O
                         net (fo=1, routed)           1.967     3.425    clk_IBUF
    BUFGCTRL_X0Y0        BUFG (Prop_bufg_I_O)         0.096     3.521 r  clk_IBUF_BUFG_inst/O
                         net (fo=106, routed)         1.631     5.152    deb_c/clk_IBUF_BUFG
    SLICE_X62Y15         FDRE                                         r  deb_c/cnt_reg[8]/C
  -------------------------------------------------------------------    -------------------
    SLICE_X62Y15         FDRE (Prop_fdre_C_Q)         0.456     5.608 f  deb_c/cnt_reg[8]/Q
                         net (fo=2, routed)           0.820     6.429    deb_c/cnt_reg[8]
    SLICE_X61Y15         LUT2 (Prop_lut2_I1_O)        0.124     6.553 r  deb_c/i__carry_i_5__1/O
                         net (fo=1, routed)           0.000     6.553    deb_c/i__carry_i_5__1_n_0
    SLICE_X61Y15         CARRY4 (Prop_carry4_S[1]_CO[3])
                                                      0.550     7.103 r  deb_c/cnt1_inferred__0/i__carry/CO[3]
                         net (fo=1, routed)           0.000     7.103    deb_c/cnt1_inferred__0/i__carry_n_0
    SLICE_X61Y16         CARRY4 (Prop_carry4_CI_CO[2])
                                                      0.228     7.331 f  deb_c/cnt1_inferred__0/i__carry__0/CO[2]
                         net (fo=2, routed)           0.562     7.892    deb_c/cnt1_inferred__0/i__carry__0_n_1
    SLICE_X61Y19         LUT3 (Prop_lut3_I2_O)        0.313     8.205 r  deb_c/cnt[0]_i_1__2/O
                         net (fo=20, routed)          1.238     9.443    deb_c/cnt[0]_i_1__2_n_0
    SLICE_X62Y16         FDRE                                         r  deb_c/cnt_reg[15]/R
  -------------------------------------------------------------------    -------------------

                         (clock sys_clk_pin rise edge)
                                                     10.000    10.000 r  <hidden>
    W5                                                0.000    10.000 r  clk
                         net (fo=0)                   0.000    10.000    clk
    W5                   IBUF (Prop_ibuf_I_O)         1.388    11.388 r  clk_IBUF_inst/O
                         net (fo=1, routed)           1.862    13.250    clk_IBUF
    BUFGCTRL_X0Y0        BUFG (Prop_bufg_I_O)         0.091    13.341 r  clk_IBUF_BUFG_inst/O
                         net (fo=106, routed)         1.512    14.853    deb_c/clk_IBUF_BUFG
    SLICE_X62Y16         FDRE                                         r  deb_c/cnt_reg[15]/C
                         clock pessimism              0.274    15.127    <hidden>
                         clock uncertainty           -0.035    15.092    <hidden>
    SLICE_X62Y16         FDRE (Setup_fdre_C_R)       -0.429    14.663    deb_c/cnt_reg[15]
  -------------------------------------------------------------------
                         required time                         14.663    <hidden>
                         arrival time                          -9.443    <hidden>
  -------------------------------------------------------------------
                         slack                                  5.220    <hidden>





Min Delay Paths
--------------------------------------------------------------------------------------
Slack (MET) :             0.235ns  (arrival time - required time)
  Source:                 deb_c/ff1_reg/C
                            (rising edge-triggered cell FDRE clocked by sys_clk_pin  {rise@0.000ns fall@5.000ns period=10.000ns})
  Destination:            deb_c/ff2_reg/D
                            (rising edge-triggered cell FDRE clocked by sys_clk_pin  {rise@0.000ns fall@5.000ns period=10.000ns})
  Path Group:             sys_clk_pin
  Path Type:              Hold (Min at Fast Process Corner)
  Requirement:            0.000ns  (sys_clk_pin rise@0.000ns - sys_clk_pin rise@0.000ns)
  Data Path Delay:        0.247ns  (logic 0.128ns (51.736%)  route 0.119ns (48.264%))
  Logic Levels:           0  
  Clock Path Skew:        0.000ns (DCD - SCD - CPR)
    Destination Clock Delay (DCD):    1.981ns
    Source Clock Delay      (SCD):    1.469ns
    Clock Pessimism Removal (CPR):    0.512ns

    Location             Delay type                Incr(ns)  Path(ns)    Netlist Resource(s)
  -------------------------------------------------------------------    -------------------
                         (clock sys_clk_pin rise edge)
                                                      0.000     0.000 r  <hidden>
    W5                                                0.000     0.000 r  clk
                         net (fo=0)                   0.000     0.000    clk
    W5                   IBUF (Prop_ibuf_I_O)         0.226     0.226 r  clk_IBUF_inst/O
                         net (fo=1, routed)           0.631     0.858    clk_IBUF
    BUFGCTRL_X0Y0        BUFG (Prop_bufg_I_O)         0.026     0.884 r  clk_IBUF_BUFG_inst/O
                         net (fo=106, routed)         0.586     1.469    deb_c/clk_IBUF_BUFG
    SLICE_X61Y19         FDRE                                         r  deb_c/ff1_reg/C
  -------------------------------------------------------------------    -------------------
    SLICE_X61Y19         FDRE (Prop_fdre_C_Q)         0.128     1.597 r  deb_c/ff1_reg/Q
                         net (fo=1, routed)           0.119     1.717    deb_c/ff1_reg_n_0
    SLICE_X61Y19         FDRE                                         r  deb_c/ff2_reg/D
  -------------------------------------------------------------------    -------------------

                         (clock sys_clk_pin rise edge)
                                                      0.000     0.000 r  <hidden>
    W5                                                0.000     0.000 r  clk
                         net (fo=0)                   0.000     0.000    clk
    W5                   IBUF (Prop_ibuf_I_O)         0.414     0.414 r  clk_IBUF_inst/O
                         net (fo=1, routed)           0.685     1.099    clk_IBUF
    BUFGCTRL_X0Y0        BUFG (Prop_bufg_I_O)         0.029     1.128 r  clk_IBUF_BUFG_inst/O
                         net (fo=106, routed)         0.854     1.981    deb_c/clk_IBUF_BUFG
    SLICE_X61Y19         FDRE                                         r  deb_c/ff2_reg/C
                         clock pessimism             -0.512     1.469    <hidden>
    SLICE_X61Y19         FDRE (Hold_fdre_C_D)         0.012     1.481    deb_c/ff2_reg
  -------------------------------------------------------------------
                         required time                         -1.481    <hidden>
                         arrival time                           1.717    <hidden>
  -------------------------------------------------------------------
                         slack                                  0.235    <hidden>

Slack (MET) :             0.235ns  (arrival time - required time)
  Source:                 deb_u/ff1_reg/C
                            (rising edge-triggered cell FDRE clocked by sys_clk_pin  {rise@0.000ns fall@5.000ns period=10.000ns})
  Destination:            deb_u/ff2_reg/D
                            (rising edge-triggered cell FDRE clocked by sys_clk_pin  {rise@0.000ns fall@5.000ns period=10.000ns})
  Path Group:             sys_clk_pin
  Path Type:              Hold (Min at Fast Process Corner)
  Requirement:            0.000ns  (sys_clk_pin rise@0.000ns - sys_clk_pin rise@0.000ns)
  Data Path Delay:        0.247ns  (logic 0.128ns (51.736%)  route 0.119ns (48.264%))
  Logic Levels:           0  
  Clock Path Skew:        0.000ns (DCD - SCD - CPR)
    Destination Clock Delay (DCD):    1.982ns
    Source Clock Delay      (SCD):    1.470ns
    Clock Pessimism Removal (CPR):    0.512ns

    Location             Delay type                Incr(ns)  Path(ns)    Netlist Resource(s)
  -------------------------------------------------------------------    -------------------
                         (clock sys_clk_pin rise edge)
                                                      0.000     0.000 r  <hidden>
    W5                                                0.000     0.000 r  clk
                         net (fo=0)                   0.000     0.000    clk
    W5                   IBUF (Prop_ibuf_I_O)         0.226     0.226 r  clk_IBUF_inst/O
                         net (fo=1, routed)           0.631     0.858    clk_IBUF
    BUFGCTRL_X0Y0        BUFG (Prop_bufg_I_O)         0.026     0.884 r  clk_IBUF_BUFG_inst/O
                         net (fo=106, routed)         0.587     1.470    deb_u/clk_IBUF_BUFG
    SLICE_X58Y18         FDRE                                         r  deb_u/ff1_reg/C
  -------------------------------------------------------------------    -------------------
    SLICE_X58Y18         FDRE (Prop_fdre_C_Q)         0.128     1.598 r  deb_u/ff1_reg/Q
                         net (fo=1, routed)           0.119     1.718    deb_u/ff1
    SLICE_X58Y18         FDRE                                         r  deb_u/ff2_reg/D
  -------------------------------------------------------------------    -------------------

                         (clock sys_clk_pin rise edge)
                                                      0.000     0.000 r  <hidden>
    W5                                                0.000     0.000 r  clk
                         net (fo=0)                   0.000     0.000    clk
    W5                   IBUF (Prop_ibuf_I_O)         0.414     0.414 r  clk_IBUF_inst/O
                         net (fo=1, routed)           0.685     1.099    clk_IBUF
    BUFGCTRL_X0Y0        BUFG (Prop_bufg_I_O)         0.029     1.128 r  clk_IBUF_BUFG_inst/O
                         net (fo=106, routed)         0.855     1.982    deb_u/clk_IBUF_BUFG
    SLICE_X58Y18         FDRE                                         r  deb_u/ff2_reg/C
                         clock pessimism             -0.512     1.470    <hidden>
    SLICE_X58Y18         FDRE (Hold_fdre_C_D)         0.012     1.482    deb_u/ff2_reg
  -------------------------------------------------------------------
                         required time                         -1.482    <hidden>
                         arrival time                           1.718    <hidden>
  -------------------------------------------------------------------
                         slack                                  0.235    <hidden>

Slack (MET) :             0.236ns  (arrival time - required time)
  Source:                 deb_d/stable_reg/C
                            (rising edge-triggered cell FDRE clocked by sys_clk_pin  {rise@0.000ns fall@5.000ns period=10.000ns})
  Destination:            edg_d/prev_reg/D
                            (rising edge-triggered cell FDRE clocked by sys_clk_pin  {rise@0.000ns fall@5.000ns period=10.000ns})
  Path Group:             sys_clk_pin
  Path Type:              Hold (Min at Fast Process Corner)
  Requirement:            0.000ns  (sys_clk_pin rise@0.000ns - sys_clk_pin rise@0.000ns)
  Data Path Delay:        0.338ns  (logic 0.141ns (41.762%)  route 0.197ns (58.238%))
  Logic Levels:           0  
  Clock Path Skew:        0.032ns (DCD - SCD - CPR)
    Destination Clock Delay (DCD):    1.978ns
    Source Clock Delay      (SCD):    1.468ns
    Clock Pessimism Removal (CPR):    0.478ns

    Location             Delay type                Incr(ns)  Path(ns)    Netlist Resource(s)
  -------------------------------------------------------------------    -------------------
                         (clock sys_clk_pin rise edge)
                                                      0.000     0.000 r  <hidden>
    W5                                                0.000     0.000 r  clk
                         net (fo=0)                   0.000     0.000    clk
    W5                   IBUF (Prop_ibuf_I_O)         0.226     0.226 r  clk_IBUF_inst/O
                         net (fo=1, routed)           0.631     0.858    clk_IBUF
    BUFGCTRL_X0Y0        BUFG (Prop_bufg_I_O)         0.026     0.884 r  clk_IBUF_BUFG_inst/O
                         net (fo=106, routed)         0.585     1.468    deb_d/clk_IBUF_BUFG
    SLICE_X61Y20         FDRE                                         r  deb_d/stable_reg/C
  -------------------------------------------------------------------    -------------------
    SLICE_X61Y20         FDRE (Prop_fdre_C_Q)         0.141     1.609 r  deb_d/stable_reg/Q
                         net (fo=4, routed)           0.197     1.806    edg_d/d_clean
    SLICE_X63Y23         FDRE                                         r  edg_d/prev_reg/D
  -------------------------------------------------------------------    -------------------

                         (clock sys_clk_pin rise edge)
                                                      0.000     0.000 r  <hidden>
    W5                                                0.000     0.000 r  clk
                         net (fo=0)                   0.000     0.000    clk
    W5                   IBUF (Prop_ibuf_I_O)         0.414     0.414 r  clk_IBUF_inst/O
                         net (fo=1, routed)           0.685     1.099    clk_IBUF
    BUFGCTRL_X0Y0        BUFG (Prop_bufg_I_O)         0.029     1.128 r  clk_IBUF_BUFG_inst/O
                         net (fo=106, routed)         0.851     1.978    edg_d/clk_IBUF_BUFG
    SLICE_X63Y23         FDRE                                         r  edg_d/prev_reg/C
                         clock pessimism             -0.478     1.500    <hidden>
    SLICE_X63Y23         FDRE (Hold_fdre_C_D)         0.070     1.570    edg_d/prev_reg
  -------------------------------------------------------------------
                         required time                         -1.570    <hidden>
                         arrival time                           1.806    <hidden>
  -------------------------------------------------------------------
                         slack                                  0.236    <hidden>

Slack (MET) :             0.236ns  (arrival time - required time)
  Source:                 cntr/cnt_reg[4]/C
                            (rising edge-triggered cell FDRE clocked by sys_clk_pin  {rise@0.000ns fall@5.000ns period=10.000ns})
  Destination:            cntr/cnt_reg[5]/D
                            (rising edge-triggered cell FDRE clocked by sys_clk_pin  {rise@0.000ns fall@5.000ns period=10.000ns})
  Path Group:             sys_clk_pin
  Path Type:              Hold (Min at Fast Process Corner)
  Requirement:            0.000ns  (sys_clk_pin rise@0.000ns - sys_clk_pin rise@0.000ns)
  Data Path Delay:        0.341ns  (logic 0.265ns (77.613%)  route 0.076ns (22.387%))
  Logic Levels:           1  (CARRY4=1)
  Clock Path Skew:        0.000ns (DCD - SCD - CPR)
    Destination Clock Delay (DCD):    1.977ns
    Source Clock Delay      (SCD):    1.465ns
    Clock Pessimism Removal (CPR):    0.512ns

    Location             Delay type                Incr(ns)  Path(ns)    Netlist Resource(s)
  -------------------------------------------------------------------    -------------------
                         (clock sys_clk_pin rise edge)
                                                      0.000     0.000 r  <hidden>
    W5                                                0.000     0.000 r  clk
                         net (fo=0)                   0.000     0.000    clk
    W5                   IBUF (Prop_ibuf_I_O)         0.226     0.226 r  clk_IBUF_inst/O
                         net (fo=1, routed)           0.631     0.858    clk_IBUF
    BUFGCTRL_X0Y0        BUFG (Prop_bufg_I_O)         0.026     0.884 r  clk_IBUF_BUFG_inst/O
                         net (fo=106, routed)         0.582     1.465    cntr/clk_IBUF_BUFG
    SLICE_X62Y24         FDRE                                         r  cntr/cnt_reg[4]/C
  -------------------------------------------------------------------    -------------------
    SLICE_X62Y24         FDRE (Prop_fdre_C_Q)         0.141     1.606 r  cntr/cnt_reg[4]/Q
                         net (fo=3, routed)           0.076     1.683    edg_u/cnt_reg[4]
    SLICE_X62Y24         CARRY4 (Prop_carry4_DI[0]_O[1])
                                                      0.124     1.807 r  edg_u/cnt_reg[4]_i_1__2/O[1]
                         net (fo=1, routed)           0.000     1.807    cntr/cnt_reg[7]_0[1]
    SLICE_X62Y24         FDRE                                         r  cntr/cnt_reg[5]/D
  -------------------------------------------------------------------    -------------------

                         (clock sys_clk_pin rise edge)
                                                      0.000     0.000 r  <hidden>
    W5                                                0.000     0.000 r  clk
                         net (fo=0)                   0.000     0.000    clk
    W5                   IBUF (Prop_ibuf_I_O)         0.414     0.414 r  clk_IBUF_inst/O
                         net (fo=1, routed)           0.685     1.099    clk_IBUF
    BUFGCTRL_X0Y0        BUFG (Prop_bufg_I_O)         0.029     1.128 r  clk_IBUF_BUFG_inst/O
                         net (fo=106, routed)         0.850     1.977    cntr/clk_IBUF_BUFG
    SLICE_X62Y24         FDRE                                         r  cntr/cnt_reg[5]/C
                         clock pessimism             -0.512     1.465    <hidden>
    SLICE_X62Y24         FDRE (Hold_fdre_C_D)         0.105     1.570    cntr/cnt_reg[5]
  -------------------------------------------------------------------
                         required time                         -1.570    <hidden>
                         arrival time                           1.807    <hidden>
  -------------------------------------------------------------------
                         slack                                  0.236    <hidden>

Slack (MET) :             0.237ns  (arrival time - required time)
  Source:                 cntr/cnt_reg[12]/C
                            (rising edge-triggered cell FDRE clocked by sys_clk_pin  {rise@0.000ns fall@5.000ns period=10.000ns})
  Destination:            cntr/cnt_reg[13]/D
                            (rising edge-triggered cell FDRE clocked by sys_clk_pin  {rise@0.000ns fall@5.000ns period=10.000ns})
  Path Group:             sys_clk_pin
  Path Type:              Hold (Min at Fast Process Corner)
  Requirement:            0.000ns  (sys_clk_pin rise@0.000ns - sys_clk_pin rise@0.000ns)
  Data Path Delay:        0.342ns  (logic 0.265ns (77.380%)  route 0.077ns (22.620%))
  Logic Levels:           1  (CARRY4=1)
  Clock Path Skew:        0.000ns (DCD - SCD - CPR)
    Destination Clock Delay (DCD):    1.978ns
    Source Clock Delay      (SCD):    1.466ns
    Clock Pessimism Removal (CPR):    0.512ns

    Location             Delay type                Incr(ns)  Path(ns)    Netlist Resource(s)
  -------------------------------------------------------------------    -------------------
                         (clock sys_clk_pin rise edge)
                                                      0.000     0.000 r  <hidden>
    W5                                                0.000     0.000 r  clk
                         net (fo=0)                   0.000     0.000    clk
    W5                   IBUF (Prop_ibuf_I_O)         0.226     0.226 r  clk_IBUF_inst/O
                         net (fo=1, routed)           0.631     0.858    clk_IBUF
    BUFGCTRL_X0Y0        BUFG (Prop_bufg_I_O)         0.026     0.884 r  clk_IBUF_BUFG_inst/O
                         net (fo=106, routed)         0.583     1.466    cntr/clk_IBUF_BUFG
    SLICE_X62Y26         FDRE                                         r  cntr/cnt_reg[12]/C
  -------------------------------------------------------------------    -------------------
    SLICE_X62Y26         FDRE (Prop_fdre_C_Q)         0.141     1.607 r  cntr/cnt_reg[12]/Q
                         net (fo=3, routed)           0.077     1.685    edg_u/cnt_reg[12]
    SLICE_X62Y26         CARRY4 (Prop_carry4_DI[0]_O[1])
                                                      0.124     1.809 r  edg_u/cnt_reg[12]_i_1__2/O[1]
                         net (fo=1, routed)           0.000     1.809    cntr/cnt_reg[15]_0[1]
    SLICE_X62Y26         FDRE                                         r  cntr/cnt_reg[13]/D
  -------------------------------------------------------------------    -------------------

                         (clock sys_clk_pin rise edge)
                                                      0.000     0.000 r  <hidden>
    W5                                                0.000     0.000 r  clk
                         net (fo=0)                   0.000     0.000    clk
    W5                   IBUF (Prop_ibuf_I_O)         0.414     0.414 r  clk_IBUF_inst/O
                         net (fo=1, routed)           0.685     1.099    clk_IBUF
    BUFGCTRL_X0Y0        BUFG (Prop_bufg_I_O)         0.029     1.128 r  clk_IBUF_BUFG_inst/O
                         net (fo=106, routed)         0.851     1.978    cntr/clk_IBUF_BUFG
    SLICE_X62Y26         FDRE                                         r  cntr/cnt_reg[13]/C
                         clock pessimism             -0.512     1.466    <hidden>
    SLICE_X62Y26         FDRE (Hold_fdre_C_D)         0.105     1.571    cntr/cnt_reg[13]
  -------------------------------------------------------------------
                         required time                         -1.571    <hidden>
                         arrival time                           1.809    <hidden>
  -------------------------------------------------------------------
                         slack                                  0.237    <hidden>

Slack (MET) :             0.244ns  (arrival time - required time)
  Source:                 cntr/cnt_reg[6]/C
                            (rising edge-triggered cell FDRE clocked by sys_clk_pin  {rise@0.000ns fall@5.000ns period=10.000ns})
  Destination:            cntr/cnt_reg[7]/D
                            (rising edge-triggered cell FDRE clocked by sys_clk_pin  {rise@0.000ns fall@5.000ns period=10.000ns})
  Path Group:             sys_clk_pin
  Path Type:              Hold (Min at Fast Process Corner)
  Requirement:            0.000ns  (sys_clk_pin rise@0.000ns - sys_clk_pin rise@0.000ns)
  Data Path Delay:        0.349ns  (logic 0.268ns (76.800%)  route 0.081ns (23.200%))
  Logic Levels:           1  (CARRY4=1)
  Clock Path Skew:        0.000ns (DCD - SCD - CPR)
    Destination Clock Delay (DCD):    1.977ns
    Source Clock Delay      (SCD):    1.465ns
    Clock Pessimism Removal (CPR):    0.512ns

    Location             Delay type                Incr(ns)  Path(ns)    Netlist Resource(s)
  -------------------------------------------------------------------    -------------------
                         (clock sys_clk_pin rise edge)
                                                      0.000     0.000 r  <hidden>
    W5                                                0.000     0.000 r  clk
                         net (fo=0)                   0.000     0.000    clk
    W5                   IBUF (Prop_ibuf_I_O)         0.226     0.226 r  clk_IBUF_inst/O
                         net (fo=1, routed)           0.631     0.858    clk_IBUF
    BUFGCTRL_X0Y0        BUFG (Prop_bufg_I_O)         0.026     0.884 r  clk_IBUF_BUFG_inst/O
                         net (fo=106, routed)         0.582     1.465    cntr/clk_IBUF_BUFG
    SLICE_X62Y24         FDRE                                         r  cntr/cnt_reg[6]/C
  -------------------------------------------------------------------    -------------------
    SLICE_X62Y24         FDRE (Prop_fdre_C_Q)         0.141     1.606 r  cntr/cnt_reg[6]/Q
                         net (fo=3, routed)           0.081     1.687    edg_u/cnt_reg[6]
    SLICE_X62Y24         CARRY4 (Prop_carry4_DI[2]_O[3])
                                                      0.127     1.814 r  edg_u/cnt_reg[4]_i_1__2/O[3]
                         net (fo=1, routed)           0.000     1.814    cntr/cnt_reg[7]_0[3]
    SLICE_X62Y24         FDRE                                         r  cntr/cnt_reg[7]/D
  -------------------------------------------------------------------    -------------------

                         (clock sys_clk_pin rise edge)
                                                      0.000     0.000 r  <hidden>
    W5                                                0.000     0.000 r  clk
                         net (fo=0)                   0.000     0.000    clk
    W5                   IBUF (Prop_ibuf_I_O)         0.414     0.414 r  clk_IBUF_inst/O
                         net (fo=1, routed)           0.685     1.099    clk_IBUF
    BUFGCTRL_X0Y0        BUFG (Prop_bufg_I_O)         0.029     1.128 r  clk_IBUF_BUFG_inst/O
                         net (fo=106, routed)         0.850     1.977    cntr/clk_IBUF_BUFG
    SLICE_X62Y24         FDRE                                         r  cntr/cnt_reg[7]/C
                         clock pessimism             -0.512     1.465    <hidden>
    SLICE_X62Y24         FDRE (Hold_fdre_C_D)         0.105     1.570    cntr/cnt_reg[7]
  -------------------------------------------------------------------
                         required time                         -1.570    <hidden>
                         arrival time                           1.814    <hidden>
  -------------------------------------------------------------------
                         slack                                  0.244    <hidden>

Slack (MET) :             0.245ns  (arrival time - required time)
  Source:                 cntr/cnt_reg[10]/C
                            (rising edge-triggered cell FDRE clocked by sys_clk_pin  {rise@0.000ns fall@5.000ns period=10.000ns})
  Destination:            cntr/cnt_reg[11]/D
                            (rising edge-triggered cell FDRE clocked by sys_clk_pin  {rise@0.000ns fall@5.000ns period=10.000ns})
  Path Group:             sys_clk_pin
  Path Type:              Hold (Min at Fast Process Corner)
  Requirement:            0.000ns  (sys_clk_pin rise@0.000ns - sys_clk_pin rise@0.000ns)
  Data Path Delay:        0.350ns  (logic 0.268ns (76.574%)  route 0.082ns (23.426%))
  Logic Levels:           1  (CARRY4=1)
  Clock Path Skew:        0.000ns (DCD - SCD - CPR)
    Destination Clock Delay (DCD):    1.977ns
    Source Clock Delay      (SCD):    1.465ns
    Clock Pessimism Removal (CPR):    0.512ns

    Location             Delay type                Incr(ns)  Path(ns)    Netlist Resource(s)
  -------------------------------------------------------------------    -------------------
                         (clock sys_clk_pin rise edge)
                                                      0.000     0.000 r  <hidden>
    W5                                                0.000     0.000 r  clk
                         net (fo=0)                   0.000     0.000    clk
    W5                   IBUF (Prop_ibuf_I_O)         0.226     0.226 r  clk_IBUF_inst/O
                         net (fo=1, routed)           0.631     0.858    clk_IBUF
    BUFGCTRL_X0Y0        BUFG (Prop_bufg_I_O)         0.026     0.884 r  clk_IBUF_BUFG_inst/O
                         net (fo=106, routed)         0.582     1.465    cntr/clk_IBUF_BUFG
    SLICE_X62Y25         FDRE                                         r  cntr/cnt_reg[10]/C
  -------------------------------------------------------------------    -------------------
    SLICE_X62Y25         FDRE (Prop_fdre_C_Q)         0.141     1.606 r  cntr/cnt_reg[10]/Q
                         net (fo=3, routed)           0.082     1.688    edg_u/cnt_reg[10]
    SLICE_X62Y25         CARRY4 (Prop_carry4_DI[2]_O[3])
                                                      0.127     1.815 r  edg_u/cnt_reg[8]_i_1__2/O[3]
                         net (fo=1, routed)           0.000     1.815    cntr/cnt_reg[11]_0[3]
    SLICE_X62Y25         FDRE                                         r  cntr/cnt_reg[11]/D
  -------------------------------------------------------------------    -------------------

                         (clock sys_clk_pin rise edge)
                                                      0.000     0.000 r  <hidden>
    W5                                                0.000     0.000 r  clk
                         net (fo=0)                   0.000     0.000    clk
    W5                   IBUF (Prop_ibuf_I_O)         0.414     0.414 r  clk_IBUF_inst/O
                         net (fo=1, routed)           0.685     1.099    clk_IBUF
    BUFGCTRL_X0Y0        BUFG (Prop_bufg_I_O)         0.029     1.128 r  clk_IBUF_BUFG_inst/O
                         net (fo=106, routed)         0.850     1.977    cntr/clk_IBUF_BUFG
    SLICE_X62Y25         FDRE                                         r  cntr/cnt_reg[11]/C
                         clock pessimism             -0.512     1.465    <hidden>
    SLICE_X62Y25         FDRE (Hold_fdre_C_D)         0.105     1.570    cntr/cnt_reg[11]
  -------------------------------------------------------------------
                         required time                         -1.570    <hidden>
                         arrival time                           1.815    <hidden>
  -------------------------------------------------------------------
                         slack                                  0.245    <hidden>

Slack (MET) :             0.245ns  (arrival time - required time)
  Source:                 cntr/cnt_reg[2]/C
                            (rising edge-triggered cell FDRE clocked by sys_clk_pin  {rise@0.000ns fall@5.000ns period=10.000ns})
  Destination:            cntr/cnt_reg[3]/D
                            (rising edge-triggered cell FDRE clocked by sys_clk_pin  {rise@0.000ns fall@5.000ns period=10.000ns})
  Path Group:             sys_clk_pin
  Path Type:              Hold (Min at Fast Process Corner)
  Requirement:            0.000ns  (sys_clk_pin rise@0.000ns - sys_clk_pin rise@0.000ns)
  Data Path Delay:        0.350ns  (logic 0.268ns (76.574%)  route 0.082ns (23.426%))
  Logic Levels:           1  (CARRY4=1)
  Clock Path Skew:        0.000ns (DCD - SCD - CPR)
    Destination Clock Delay (DCD):    1.978ns
    Source Clock Delay      (SCD):    1.466ns
    Clock Pessimism Removal (CPR):    0.512ns

    Location             Delay type                Incr(ns)  Path(ns)    Netlist Resource(s)
  -------------------------------------------------------------------    -------------------
                         (clock sys_clk_pin rise edge)
                                                      0.000     0.000 r  <hidden>
    W5                                                0.000     0.000 r  clk
                         net (fo=0)                   0.000     0.000    clk
    W5                   IBUF (Prop_ibuf_I_O)         0.226     0.226 r  clk_IBUF_inst/O
                         net (fo=1, routed)           0.631     0.858    clk_IBUF
    BUFGCTRL_X0Y0        BUFG (Prop_bufg_I_O)         0.026     0.884 r  clk_IBUF_BUFG_inst/O
                         net (fo=106, routed)         0.583     1.466    cntr/clk_IBUF_BUFG
    SLICE_X62Y23         FDRE                                         r  cntr/cnt_reg[2]/C
  -------------------------------------------------------------------    -------------------
    SLICE_X62Y23         FDRE (Prop_fdre_C_Q)         0.141     1.607 r  cntr/cnt_reg[2]/Q
                         net (fo=3, routed)           0.082     1.689    edg_u/cnt_reg[2]
    SLICE_X62Y23         CARRY4 (Prop_carry4_DI[2]_O[3])
                                                      0.127     1.816 r  edg_u/cnt_reg[0]_i_2__2/O[3]
                         net (fo=1, routed)           0.000     1.816    cntr/O[3]
    SLICE_X62Y23         FDRE                                         r  cntr/cnt_reg[3]/D
  -------------------------------------------------------------------    -------------------

                         (clock sys_clk_pin rise edge)
                                                      0.000     0.000 r  <hidden>
    W5                                                0.000     0.000 r  clk
                         net (fo=0)                   0.000     0.000    clk
    W5                   IBUF (Prop_ibuf_I_O)         0.414     0.414 r  clk_IBUF_inst/O
                         net (fo=1, routed)           0.685     1.099    clk_IBUF
    BUFGCTRL_X0Y0        BUFG (Prop_bufg_I_O)         0.029     1.128 r  clk_IBUF_BUFG_inst/O
                         net (fo=106, routed)         0.851     1.978    cntr/clk_IBUF_BUFG
    SLICE_X62Y23         FDRE                                         r  cntr/cnt_reg[3]/C
                         clock pessimism             -0.512     1.466    <hidden>
    SLICE_X62Y23         FDRE (Hold_fdre_C_D)         0.105     1.571    cntr/cnt_reg[3]
  -------------------------------------------------------------------
                         required time                         -1.571    <hidden>
                         arrival time                           1.816    <hidden>
  -------------------------------------------------------------------
                         slack                                  0.245    <hidden>

Slack (MET) :             0.245ns  (arrival time - required time)
  Source:                 cntr/cnt_reg[14]/C
                            (rising edge-triggered cell FDRE clocked by sys_clk_pin  {rise@0.000ns fall@5.000ns period=10.000ns})
  Destination:            cntr/cnt_reg[15]/D
                            (rising edge-triggered cell FDRE clocked by sys_clk_pin  {rise@0.000ns fall@5.000ns period=10.000ns})
  Path Group:             sys_clk_pin
  Path Type:              Hold (Min at Fast Process Corner)
  Requirement:            0.000ns  (sys_clk_pin rise@0.000ns - sys_clk_pin rise@0.000ns)
  Data Path Delay:        0.350ns  (logic 0.268ns (76.560%)  route 0.082ns (23.440%))
  Logic Levels:           1  (CARRY4=1)
  Clock Path Skew:        0.000ns (DCD - SCD - CPR)
    Destination Clock Delay (DCD):    1.978ns
    Source Clock Delay      (SCD):    1.466ns
    Clock Pessimism Removal (CPR):    0.512ns

    Location             Delay type                Incr(ns)  Path(ns)    Netlist Resource(s)
  -------------------------------------------------------------------    -------------------
                         (clock sys_clk_pin rise edge)
                                                      0.000     0.000 r  <hidden>
    W5                                                0.000     0.000 r  clk
                         net (fo=0)                   0.000     0.000    clk
    W5                   IBUF (Prop_ibuf_I_O)         0.226     0.226 r  clk_IBUF_inst/O
                         net (fo=1, routed)           0.631     0.858    clk_IBUF
    BUFGCTRL_X0Y0        BUFG (Prop_bufg_I_O)         0.026     0.884 r  clk_IBUF_BUFG_inst/O
                         net (fo=106, routed)         0.583     1.466    cntr/clk_IBUF_BUFG
    SLICE_X62Y26         FDRE                                         r  cntr/cnt_reg[14]/C
  -------------------------------------------------------------------    -------------------
    SLICE_X62Y26         FDRE (Prop_fdre_C_Q)         0.141     1.607 r  cntr/cnt_reg[14]/Q
                         net (fo=3, routed)           0.082     1.689    edg_u/cnt_reg[14]
    SLICE_X62Y26         CARRY4 (Prop_carry4_DI[2]_O[3])
                                                      0.127     1.816 r  edg_u/cnt_reg[12]_i_1__2/O[3]
                         net (fo=1, routed)           0.000     1.816    cntr/cnt_reg[15]_0[3]
    SLICE_X62Y26         FDRE                                         r  cntr/cnt_reg[15]/D
  -------------------------------------------------------------------    -------------------

                         (clock sys_clk_pin rise edge)
                                                      0.000     0.000 r  <hidden>
    W5                                                0.000     0.000 r  clk
                         net (fo=0)                   0.000     0.000    clk
    W5                   IBUF (Prop_ibuf_I_O)         0.414     0.414 r  clk_IBUF_inst/O
                         net (fo=1, routed)           0.685     1.099    clk_IBUF
    BUFGCTRL_X0Y0        BUFG (Prop_bufg_I_O)         0.029     1.128 r  clk_IBUF_BUFG_inst/O
                         net (fo=106, routed)         0.851     1.978    cntr/clk_IBUF_BUFG
    SLICE_X62Y26         FDRE                                         r  cntr/cnt_reg[15]/C
                         clock pessimism             -0.512     1.466    <hidden>
    SLICE_X62Y26         FDRE (Hold_fdre_C_D)         0.105     1.571    cntr/cnt_reg[15]
  -------------------------------------------------------------------
                         required time                         -1.571    <hidden>
                         arrival time                           1.816    <hidden>
  -------------------------------------------------------------------
                         slack                                  0.245    <hidden>

Slack (MET) :             0.249ns  (arrival time - required time)
  Source:                 cntr/cnt_reg[8]/C
                            (rising edge-triggered cell FDRE clocked by sys_clk_pin  {rise@0.000ns fall@5.000ns period=10.000ns})
  Destination:            cntr/cnt_reg[9]/D
                            (rising edge-triggered cell FDRE clocked by sys_clk_pin  {rise@0.000ns fall@5.000ns period=10.000ns})
  Path Group:             sys_clk_pin
  Path Type:              Hold (Min at Fast Process Corner)
  Requirement:            0.000ns  (sys_clk_pin rise@0.000ns - sys_clk_pin rise@0.000ns)
  Data Path Delay:        0.354ns  (logic 0.265ns (74.950%)  route 0.089ns (25.050%))
  Logic Levels:           1  (CARRY4=1)
  Clock Path Skew:        0.000ns (DCD - SCD - CPR)
    Destination Clock Delay (DCD):    1.977ns
    Source Clock Delay      (SCD):    1.465ns
    Clock Pessimism Removal (CPR):    0.512ns

    Location             Delay type                Incr(ns)  Path(ns)    Netlist Resource(s)
  -------------------------------------------------------------------    -------------------
                         (clock sys_clk_pin rise edge)
                                                      0.000     0.000 r  <hidden>
    W5                                                0.000     0.000 r  clk
                         net (fo=0)                   0.000     0.000    clk
    W5                   IBUF (Prop_ibuf_I_O)         0.226     0.226 r  clk_IBUF_inst/O
                         net (fo=1, routed)           0.631     0.858    clk_IBUF
    BUFGCTRL_X0Y0        BUFG (Prop_bufg_I_O)         0.026     0.884 r  clk_IBUF_BUFG_inst/O
                         net (fo=106, routed)         0.582     1.465    cntr/clk_IBUF_BUFG
    SLICE_X62Y25         FDRE                                         r  cntr/cnt_reg[8]/C
  -------------------------------------------------------------------    -------------------
    SLICE_X62Y25         FDRE (Prop_fdre_C_Q)         0.141     1.606 r  cntr/cnt_reg[8]/Q
                         net (fo=3, routed)           0.089     1.695    edg_u/cnt_reg[8]
    SLICE_X62Y25         CARRY4 (Prop_carry4_DI[0]_O[1])
                                                      0.124     1.819 r  edg_u/cnt_reg[8]_i_1__2/O[1]
                         net (fo=1, routed)           0.000     1.819    cntr/cnt_reg[11]_0[1]
    SLICE_X62Y25         FDRE                                         r  cntr/cnt_reg[9]/D
  -------------------------------------------------------------------    -------------------

                         (clock sys_clk_pin rise edge)
                                                      0.000     0.000 r  <hidden>
    W5                                                0.000     0.000 r  clk
                         net (fo=0)                   0.000     0.000    clk
    W5                   IBUF (Prop_ibuf_I_O)         0.414     0.414 r  clk_IBUF_inst/O
                         net (fo=1, routed)           0.685     1.099    clk_IBUF
    BUFGCTRL_X0Y0        BUFG (Prop_bufg_I_O)         0.029     1.128 r  clk_IBUF_BUFG_inst/O
                         net (fo=106, routed)         0.850     1.977    cntr/clk_IBUF_BUFG
    SLICE_X62Y25         FDRE                                         r  cntr/cnt_reg[9]/C
                         clock pessimism             -0.512     1.465    <hidden>
    SLICE_X62Y25         FDRE (Hold_fdre_C_D)         0.105     1.570    cntr/cnt_reg[9]
  -------------------------------------------------------------------
                         required time                         -1.570    <hidden>
                         arrival time                           1.819    <hidden>
  -------------------------------------------------------------------
                         slack                                  0.249    <hidden>





Pulse Width Checks
--------------------------------------------------------------------------------------
Clock Name:         sys_clk_pin
Waveform(ns):       { 0.000 5.000 }
Period(ns):         10.000
Sources:            { clk }

Check Type        Corner  Lib Pin  Reference Pin  Required(ns)  Actual(ns)  Slack(ns)  Location       Pin
Min Period        n/a     BUFG/I   n/a            2.155         10.000      7.845      BUFGCTRL_X0Y0  clk_IBUF_BUFG_inst/I
Min Period        n/a     FDRE/C   n/a            1.000         10.000      9.000      SLICE_X62Y23   cntr/cnt_reg[0]/C
Min Period        n/a     FDRE/C   n/a            1.000         10.000      9.000      SLICE_X62Y25   cntr/cnt_reg[10]/C
Min Period        n/a     FDRE/C   n/a            1.000         10.000      9.000      SLICE_X62Y25   cntr/cnt_reg[11]/C
Min Period        n/a     FDRE/C   n/a            1.000         10.000      9.000      SLICE_X62Y26   cntr/cnt_reg[12]/C
Min Period        n/a     FDRE/C   n/a            1.000         10.000      9.000      SLICE_X62Y26   cntr/cnt_reg[13]/C
Min Period        n/a     FDRE/C   n/a            1.000         10.000      9.000      SLICE_X62Y26   cntr/cnt_reg[14]/C
Min Period        n/a     FDRE/C   n/a            1.000         10.000      9.000      SLICE_X62Y26   cntr/cnt_reg[15]/C
Min Period        n/a     FDRE/C   n/a            1.000         10.000      9.000      SLICE_X62Y23   cntr/cnt_reg[1]/C
Min Period        n/a     FDRE/C   n/a            1.000         10.000      9.000      SLICE_X62Y23   cntr/cnt_reg[2]/C
Low Pulse Width   Slow    FDRE/C   n/a            0.500         5.000       4.500      SLICE_X62Y23   cntr/cnt_reg[0]/C
Low Pulse Width   Fast    FDRE/C   n/a            0.500         5.000       4.500      SLICE_X62Y23   cntr/cnt_reg[0]/C
Low Pulse Width   Slow    FDRE/C   n/a            0.500         5.000       4.500      SLICE_X62Y25   cntr/cnt_reg[10]/C
Low Pulse Width   Fast    FDRE/C   n/a            0.500         5.000       4.500      SLICE_X62Y25   cntr/cnt_reg[10]/C
Low Pulse Width   Slow    FDRE/C   n/a            0.500         5.000       4.500      SLICE_X62Y25   cntr/cnt_reg[11]/C
Low Pulse Width   Fast    FDRE/C   n/a            0.500         5.000       4.500      SLICE_X62Y25   cntr/cnt_reg[11]/C
Low Pulse Width   Slow    FDRE/C   n/a            0.500         5.000       4.500      SLICE_X62Y26   cntr/cnt_reg[12]/C
Low Pulse Width   Fast    FDRE/C   n/a            0.500         5.000       4.500      SLICE_X62Y26   cntr/cnt_reg[12]/C
Low Pulse Width   Slow    FDRE/C   n/a            0.500         5.000       4.500      SLICE_X62Y26   cntr/cnt_reg[13]/C
Low Pulse Width   Fast    FDRE/C   n/a            0.500         5.000       4.500      SLICE_X62Y26   cntr/cnt_reg[13]/C
High Pulse Width  Slow    FDRE/C   n/a            0.500         5.000       4.500      SLICE_X62Y23   cntr/cnt_reg[0]/C
High Pulse Width  Fast    FDRE/C   n/a            0.500         5.000       4.500      SLICE_X62Y23   cntr/cnt_reg[0]/C
High Pulse Width  Slow    FDRE/C   n/a            0.500         5.000       4.500      SLICE_X62Y25   cntr/cnt_reg[10]/C
High Pulse Width  Fast    FDRE/C   n/a            0.500         5.000       4.500      SLICE_X62Y25   cntr/cnt_reg[10]/C
High Pulse Width  Slow    FDRE/C   n/a            0.500         5.000       4.500      SLICE_X62Y25   cntr/cnt_reg[11]/C
High Pulse Width  Fast    FDRE/C   n/a            0.500         5.000       4.500      SLICE_X62Y25   cntr/cnt_reg[11]/C
High Pulse Width  Slow    FDRE/C   n/a            0.500         5.000       4.500      SLICE_X62Y26   cntr/cnt_reg[12]/C
High Pulse Width  Fast    FDRE/C   n/a            0.500         5.000       4.500      SLICE_X62Y26   cntr/cnt_reg[12]/C
High Pulse Width  Slow    FDRE/C   n/a            0.500         5.000       4.500      SLICE_X62Y26   cntr/cnt_reg[13]/C
High Pulse Width  Fast    FDRE/C   n/a            0.500         5.000       4.500      SLICE_X62Y26   cntr/cnt_reg[13]/C



--------------------------------------------------------------------------------------
Path Group:  (none)
From Clock:  sys_clk_pin
  To Clock:  

Max Delay            11 Endpoints
Min Delay            11 Endpoints
--------------------------------------------------------------------------------------


Max Delay Paths
--------------------------------------------------------------------------------------
Slack:                    inf
  Source:                 cntr/cnt_reg[5]/C
                            (rising edge-triggered cell FDRE clocked by sys_clk_pin  {rise@0.000ns fall@5.000ns period=10.000ns})
  Destination:            seg[6]
                            (output port)
  Path Group:             (none)
  Path Type:              Max at Slow Process Corner
  Data Path Delay:        8.434ns  (logic 4.469ns (52.994%)  route 3.964ns (47.006%))
  Logic Levels:           3  (LUT4=1 LUT6=1 OBUF=1)
  Clock Uncertainty:      0.025ns  ((TSJ^2 + TIJ^2)^1/2 + DJ) / 2 + PE
    Total System Jitter     (TSJ):    0.050ns
    Total Input Jitter      (TIJ):    0.000ns
    Discrete Jitter          (DJ):    0.000ns
    Phase Error              (PE):    0.000ns

    Location             Delay type                Incr(ns)  Path(ns)    Netlist Resource(s)
  -------------------------------------------------------------------    -------------------
                         (clock sys_clk_pin rise edge)
                                                      0.000     0.000 r  <hidden>
    W5                                                0.000     0.000 r  clk
                         net (fo=0)                   0.000     0.000    clk
    W5                   IBUF (Prop_ibuf_I_O)         1.458     1.458 r  clk_IBUF_inst/O
                         net (fo=1, routed)           1.967     3.425    clk_IBUF
    BUFGCTRL_X0Y0        BUFG (Prop_bufg_I_O)         0.096     3.521 r  clk_IBUF_BUFG_inst/O
                         net (fo=106, routed)         1.618     5.139    cntr/clk_IBUF_BUFG
    SLICE_X62Y24         FDRE                                         r  cntr/cnt_reg[5]/C
  -------------------------------------------------------------------    -------------------
    SLICE_X62Y24         FDRE (Prop_fdre_C_Q)         0.456     5.595 r  cntr/cnt_reg[5]/Q
                         net (fo=3, routed)           1.034     6.629    cntr/cnt_reg[5]
    SLICE_X63Y25         LUT6 (Prop_lut6_I1_O)        0.124     6.753 r  cntr/seg_OBUF[6]_inst_i_5/O
                         net (fo=7, routed)           0.857     7.610    cntr/sel0[1]
    SLICE_X63Y23         LUT4 (Prop_lut4_I3_O)        0.150     7.760 r  cntr/seg_OBUF[6]_inst_i_1/O
                         net (fo=1, routed)           2.074     9.834    seg_OBUF[6]
    U7                   OBUF (Prop_obuf_I_O)         3.739    13.573 r  seg_OBUF[6]_inst/O
                         net (fo=0)                   0.000    13.573    seg[6]
    U7                                                                r  seg[6]
  -------------------------------------------------------------------    -------------------

Slack:                    inf
  Source:                 cntr/cnt_reg[5]/C
                            (rising edge-triggered cell FDRE clocked by sys_clk_pin  {rise@0.000ns fall@5.000ns period=10.000ns})
  Destination:            seg[3]
                            (output port)
  Path Group:             (none)
  Path Type:              Max at Slow Process Corner
  Data Path Delay:        8.048ns  (logic 4.436ns (55.114%)  route 3.612ns (44.886%))
  Logic Levels:           3  (LUT4=1 LUT6=1 OBUF=1)
  Clock Uncertainty:      0.025ns  ((TSJ^2 + TIJ^2)^1/2 + DJ) / 2 + PE
    Total System Jitter     (TSJ):    0.050ns
    Total Input Jitter      (TIJ):    0.000ns
    Discrete Jitter          (DJ):    0.000ns
    Phase Error              (PE):    0.000ns

    Location             Delay type                Incr(ns)  Path(ns)    Netlist Resource(s)
  -------------------------------------------------------------------    -------------------
                         (clock sys_clk_pin rise edge)
                                                      0.000     0.000 r  <hidden>
    W5                                                0.000     0.000 r  clk
                         net (fo=0)                   0.000     0.000    clk
    W5                   IBUF (Prop_ibuf_I_O)         1.458     1.458 r  clk_IBUF_inst/O
                         net (fo=1, routed)           1.967     3.425    clk_IBUF
    BUFGCTRL_X0Y0        BUFG (Prop_bufg_I_O)         0.096     3.521 r  clk_IBUF_BUFG_inst/O
                         net (fo=106, routed)         1.618     5.139    cntr/clk_IBUF_BUFG
    SLICE_X62Y24         FDRE                                         r  cntr/cnt_reg[5]/C
  -------------------------------------------------------------------    -------------------
    SLICE_X62Y24         FDRE (Prop_fdre_C_Q)         0.456     5.595 r  cntr/cnt_reg[5]/Q
                         net (fo=3, routed)           1.034     6.629    cntr/cnt_reg[5]
    SLICE_X63Y25         LUT6 (Prop_lut6_I1_O)        0.124     6.753 r  cntr/seg_OBUF[6]_inst_i_5/O
                         net (fo=7, routed)           0.876     7.630    cntr/sel0[1]
    SLICE_X63Y23         LUT4 (Prop_lut4_I3_O)        0.118     7.748 r  cntr/seg_OBUF[3]_inst_i_1/O
                         net (fo=1, routed)           1.702     9.450    seg_OBUF[3]
    V8                   OBUF (Prop_obuf_I_O)         3.738    13.187 r  seg_OBUF[3]_inst/O
                         net (fo=0)                   0.000    13.187    seg[3]
    V8                                                                r  seg[3]
  -------------------------------------------------------------------    -------------------

Slack:                    inf
  Source:                 cntr/cnt_reg[14]/C
                            (rising edge-triggered cell FDRE clocked by sys_clk_pin  {rise@0.000ns fall@5.000ns period=10.000ns})
  Destination:            seg[0]
                            (output port)
  Path Group:             (none)
  Path Type:              Max at Slow Process Corner
  Data Path Delay:        7.982ns  (logic 4.447ns (55.706%)  route 3.536ns (44.294%))
  Logic Levels:           3  (LUT4=1 LUT6=1 OBUF=1)
  Clock Uncertainty:      0.025ns  ((TSJ^2 + TIJ^2)^1/2 + DJ) / 2 + PE
    Total System Jitter     (TSJ):    0.050ns
    Total Input Jitter      (TIJ):    0.000ns
    Discrete Jitter          (DJ):    0.000ns
    Phase Error              (PE):    0.000ns

    Location             Delay type                Incr(ns)  Path(ns)    Netlist Resource(s)
  -------------------------------------------------------------------    -------------------
                         (clock sys_clk_pin rise edge)
                                                      0.000     0.000 r  <hidden>
    W5                                                0.000     0.000 r  clk
                         net (fo=0)                   0.000     0.000    clk
    W5                   IBUF (Prop_ibuf_I_O)         1.458     1.458 r  clk_IBUF_inst/O
                         net (fo=1, routed)           1.967     3.425    clk_IBUF
    BUFGCTRL_X0Y0        BUFG (Prop_bufg_I_O)         0.096     3.521 r  clk_IBUF_BUFG_inst/O
                         net (fo=106, routed)         1.620     5.141    cntr/clk_IBUF_BUFG
    SLICE_X62Y26         FDRE                                         r  cntr/cnt_reg[14]/C
  -------------------------------------------------------------------    -------------------
    SLICE_X62Y26         FDRE (Prop_fdre_C_Q)         0.456     5.597 r  cntr/cnt_reg[14]/Q
                         net (fo=3, routed)           1.051     6.649    cntr/cnt_reg[14]
    SLICE_X63Y24         LUT6 (Prop_lut6_I0_O)        0.124     6.773 r  cntr/seg_OBUF[6]_inst_i_4/O
                         net (fo=7, routed)           0.672     7.444    cntr/sel0[2]
    SLICE_X63Y23         LUT4 (Prop_lut4_I1_O)        0.153     7.597 r  cntr/seg_OBUF[0]_inst_i_1/O
                         net (fo=1, routed)           1.813     9.410    seg_OBUF[0]
    W7                   OBUF (Prop_obuf_I_O)         3.714    13.124 r  seg_OBUF[0]_inst/O
                         net (fo=0)                   0.000    13.124    seg[0]
    W7                                                                r  seg[0]
  -------------------------------------------------------------------    -------------------

Slack:                    inf
  Source:                 cntr/cnt_reg[5]/C
                            (rising edge-triggered cell FDRE clocked by sys_clk_pin  {rise@0.000ns fall@5.000ns period=10.000ns})
  Destination:            seg[4]
                            (output port)
  Path Group:             (none)
  Path Type:              Max at Slow Process Corner
  Data Path Delay:        7.937ns  (logic 4.224ns (53.218%)  route 3.713ns (46.782%))
  Logic Levels:           3  (LUT4=1 LUT6=1 OBUF=1)
  Clock Uncertainty:      0.025ns  ((TSJ^2 + TIJ^2)^1/2 + DJ) / 2 + PE
    Total System Jitter     (TSJ):    0.050ns
    Total Input Jitter      (TIJ):    0.000ns
    Discrete Jitter          (DJ):    0.000ns
    Phase Error              (PE):    0.000ns

    Location             Delay type                Incr(ns)  Path(ns)    Netlist Resource(s)
  -------------------------------------------------------------------    -------------------
                         (clock sys_clk_pin rise edge)
                                                      0.000     0.000 r  <hidden>
    W5                                                0.000     0.000 r  clk
                         net (fo=0)                   0.000     0.000    clk
    W5                   IBUF (Prop_ibuf_I_O)         1.458     1.458 r  clk_IBUF_inst/O
                         net (fo=1, routed)           1.967     3.425    clk_IBUF
    BUFGCTRL_X0Y0        BUFG (Prop_bufg_I_O)         0.096     3.521 r  clk_IBUF_BUFG_inst/O
                         net (fo=106, routed)         1.618     5.139    cntr/clk_IBUF_BUFG
    SLICE_X62Y24         FDRE                                         r  cntr/cnt_reg[5]/C
  -------------------------------------------------------------------    -------------------
    SLICE_X62Y24         FDRE (Prop_fdre_C_Q)         0.456     5.595 f  cntr/cnt_reg[5]/Q
                         net (fo=3, routed)           1.034     6.629    cntr/cnt_reg[5]
    SLICE_X63Y25         LUT6 (Prop_lut6_I1_O)        0.124     6.753 f  cntr/seg_OBUF[6]_inst_i_5/O
                         net (fo=7, routed)           0.682     7.435    cntr/sel0[1]
    SLICE_X63Y24         LUT4 (Prop_lut4_I1_O)        0.124     7.559 r  cntr/seg_OBUF[4]_inst_i_1/O
                         net (fo=1, routed)           1.998     9.556    seg_OBUF[4]
    U5                   OBUF (Prop_obuf_I_O)         3.520    13.076 r  seg_OBUF[4]_inst/O
                         net (fo=0)                   0.000    13.076    seg[4]
    U5                                                                r  seg[4]
  -------------------------------------------------------------------    -------------------

Slack:                    inf
  Source:                 cntr/cnt_reg[5]/C
                            (rising edge-triggered cell FDRE clocked by sys_clk_pin  {rise@0.000ns fall@5.000ns period=10.000ns})
  Destination:            seg[2]
                            (output port)
  Path Group:             (none)
  Path Type:              Max at Slow Process Corner
  Data Path Delay:        7.804ns  (logic 4.239ns (54.322%)  route 3.565ns (45.678%))
  Logic Levels:           3  (LUT4=1 LUT6=1 OBUF=1)
  Clock Uncertainty:      0.025ns  ((TSJ^2 + TIJ^2)^1/2 + DJ) / 2 + PE
    Total System Jitter     (TSJ):    0.050ns
    Total Input Jitter      (TIJ):    0.000ns
    Discrete Jitter          (DJ):    0.000ns
    Phase Error              (PE):    0.000ns

    Location             Delay type                Incr(ns)  Path(ns)    Netlist Resource(s)
  -------------------------------------------------------------------    -------------------
                         (clock sys_clk_pin rise edge)
                                                      0.000     0.000 r  <hidden>
    W5                                                0.000     0.000 r  clk
                         net (fo=0)                   0.000     0.000    clk
    W5                   IBUF (Prop_ibuf_I_O)         1.458     1.458 r  clk_IBUF_inst/O
                         net (fo=1, routed)           1.967     3.425    clk_IBUF
    BUFGCTRL_X0Y0        BUFG (Prop_bufg_I_O)         0.096     3.521 r  clk_IBUF_BUFG_inst/O
                         net (fo=106, routed)         1.618     5.139    cntr/clk_IBUF_BUFG
    SLICE_X62Y24         FDRE                                         r  cntr/cnt_reg[5]/C
  -------------------------------------------------------------------    -------------------
    SLICE_X62Y24         FDRE (Prop_fdre_C_Q)         0.456     5.595 r  cntr/cnt_reg[5]/Q
                         net (fo=3, routed)           1.034     6.629    cntr/cnt_reg[5]
    SLICE_X63Y25         LUT6 (Prop_lut6_I1_O)        0.124     6.753 r  cntr/seg_OBUF[6]_inst_i_5/O
                         net (fo=7, routed)           0.857     7.610    cntr/sel0[1]
    SLICE_X63Y23         LUT4 (Prop_lut4_I2_O)        0.124     7.734 r  cntr/seg_OBUF[2]_inst_i_1/O
                         net (fo=1, routed)           1.674     9.408    seg_OBUF[2]
    U8                   OBUF (Prop_obuf_I_O)         3.535    12.943 r  seg_OBUF[2]_inst/O
                         net (fo=0)                   0.000    12.943    seg[2]
    U8                                                                r  seg[2]
  -------------------------------------------------------------------    -------------------

Slack:                    inf
  Source:                 cntr/cnt_reg[5]/C
                            (rising edge-triggered cell FDRE clocked by sys_clk_pin  {rise@0.000ns fall@5.000ns period=10.000ns})
  Destination:            seg[1]
                            (output port)
  Path Group:             (none)
  Path Type:              Max at Slow Process Corner
  Data Path Delay:        7.802ns  (logic 4.233ns (54.255%)  route 3.569ns (45.745%))
  Logic Levels:           3  (LUT4=1 LUT6=1 OBUF=1)
  Clock Uncertainty:      0.025ns  ((TSJ^2 + TIJ^2)^1/2 + DJ) / 2 + PE
    Total System Jitter     (TSJ):    0.050ns
    Total Input Jitter      (TIJ):    0.000ns
    Discrete Jitter          (DJ):    0.000ns
    Phase Error              (PE):    0.000ns

    Location             Delay type                Incr(ns)  Path(ns)    Netlist Resource(s)
  -------------------------------------------------------------------    -------------------
                         (clock sys_clk_pin rise edge)
                                                      0.000     0.000 r  <hidden>
    W5                                                0.000     0.000 r  clk
                         net (fo=0)                   0.000     0.000    clk
    W5                   IBUF (Prop_ibuf_I_O)         1.458     1.458 r  clk_IBUF_inst/O
                         net (fo=1, routed)           1.967     3.425    clk_IBUF
    BUFGCTRL_X0Y0        BUFG (Prop_bufg_I_O)         0.096     3.521 r  clk_IBUF_BUFG_inst/O
                         net (fo=106, routed)         1.618     5.139    cntr/clk_IBUF_BUFG
    SLICE_X62Y24         FDRE                                         r  cntr/cnt_reg[5]/C
  -------------------------------------------------------------------    -------------------
    SLICE_X62Y24         FDRE (Prop_fdre_C_Q)         0.456     5.595 r  cntr/cnt_reg[5]/Q
                         net (fo=3, routed)           1.034     6.629    cntr/cnt_reg[5]
    SLICE_X63Y25         LUT6 (Prop_lut6_I1_O)        0.124     6.753 r  cntr/seg_OBUF[6]_inst_i_5/O
                         net (fo=7, routed)           0.876     7.630    cntr/sel0[1]
    SLICE_X63Y23         LUT4 (Prop_lut4_I2_O)        0.124     7.754 r  cntr/seg_OBUF[1]_inst_i_1/O
                         net (fo=1, routed)           1.659     9.412    seg_OBUF[1]
    W6                   OBUF (Prop_obuf_I_O)         3.529    12.942 r  seg_OBUF[1]_inst/O
                         net (fo=0)                   0.000    12.942    seg[1]
    W6                                                                r  seg[1]
  -------------------------------------------------------------------    -------------------

Slack:                    inf
  Source:                 cntr/cnt_reg[14]/C
                            (rising edge-triggered cell FDRE clocked by sys_clk_pin  {rise@0.000ns fall@5.000ns period=10.000ns})
  Destination:            seg[5]
                            (output port)
  Path Group:             (none)
  Path Type:              Max at Slow Process Corner
  Data Path Delay:        7.791ns  (logic 4.208ns (54.016%)  route 3.583ns (45.984%))
  Logic Levels:           3  (LUT4=1 LUT6=1 OBUF=1)
  Clock Uncertainty:      0.025ns  ((TSJ^2 + TIJ^2)^1/2 + DJ) / 2 + PE
    Total System Jitter     (TSJ):    0.050ns
    Total Input Jitter      (TIJ):    0.000ns
    Discrete Jitter          (DJ):    0.000ns
    Phase Error              (PE):    0.000ns

    Location             Delay type                Incr(ns)  Path(ns)    Netlist Resource(s)
  -------------------------------------------------------------------    -------------------
                         (clock sys_clk_pin rise edge)
                                                      0.000     0.000 r  <hidden>
    W5                                                0.000     0.000 r  clk
                         net (fo=0)                   0.000     0.000    clk
    W5                   IBUF (Prop_ibuf_I_O)         1.458     1.458 r  clk_IBUF_inst/O
                         net (fo=1, routed)           1.967     3.425    clk_IBUF
    BUFGCTRL_X0Y0        BUFG (Prop_bufg_I_O)         0.096     3.521 r  clk_IBUF_BUFG_inst/O
                         net (fo=106, routed)         1.620     5.141    cntr/clk_IBUF_BUFG
    SLICE_X62Y26         FDRE                                         r  cntr/cnt_reg[14]/C
  -------------------------------------------------------------------    -------------------
    SLICE_X62Y26         FDRE (Prop_fdre_C_Q)         0.456     5.597 r  cntr/cnt_reg[14]/Q
                         net (fo=3, routed)           1.051     6.649    cntr/cnt_reg[14]
    SLICE_X63Y24         LUT6 (Prop_lut6_I0_O)        0.124     6.773 r  cntr/seg_OBUF[6]_inst_i_4/O
                         net (fo=7, routed)           0.672     7.444    cntr/sel0[2]
    SLICE_X63Y23         LUT4 (Prop_lut4_I1_O)        0.124     7.568 r  cntr/seg_OBUF[5]_inst_i_1/O
                         net (fo=1, routed)           1.860     9.428    seg_OBUF[5]
    V5                   OBUF (Prop_obuf_I_O)         3.504    12.932 r  seg_OBUF[5]_inst/O
                         net (fo=0)                   0.000    12.932    seg[5]
    V5                                                                r  seg[5]
  -------------------------------------------------------------------    -------------------

Slack:                    inf
  Source:                 disp/idx_reg[1]__0/C
                            (rising edge-triggered cell FDRE clocked by sys_clk_pin  {rise@0.000ns fall@5.000ns period=10.000ns})
  Destination:            an[2]
                            (output port)
  Path Group:             (none)
  Path Type:              Max at Slow Process Corner
  Data Path Delay:        7.232ns  (logic 4.333ns (59.917%)  route 2.899ns (40.083%))
  Logic Levels:           2  (LUT2=1 OBUF=1)
  Clock Uncertainty:      0.025ns  ((TSJ^2 + TIJ^2)^1/2 + DJ) / 2 + PE
    Total System Jitter     (TSJ):    0.050ns
    Total Input Jitter      (TIJ):    0.000ns
    Discrete Jitter          (DJ):    0.000ns
    Phase Error              (PE):    0.000ns

    Location             Delay type                Incr(ns)  Path(ns)    Netlist Resource(s)
  -------------------------------------------------------------------    -------------------
                         (clock sys_clk_pin rise edge)
                                                      0.000     0.000 r  <hidden>
    W5                                                0.000     0.000 r  clk
                         net (fo=0)                   0.000     0.000    clk
    W5                   IBUF (Prop_ibuf_I_O)         1.458     1.458 r  clk_IBUF_inst/O
                         net (fo=1, routed)           1.967     3.425    clk_IBUF
    BUFGCTRL_X0Y0        BUFG (Prop_bufg_I_O)         0.096     3.521 r  clk_IBUF_BUFG_inst/O
                         net (fo=106, routed)         1.618     5.139    disp/clk_IBUF_BUFG
    SLICE_X63Y24         FDRE                                         r  disp/idx_reg[1]__0/C
  -------------------------------------------------------------------    -------------------
    SLICE_X63Y24         FDRE (Prop_fdre_C_Q)         0.456     5.595 f  disp/idx_reg[1]__0/Q
                         net (fo=9, routed)           1.058     6.653    disp/idx[1]
    SLICE_X63Y25         LUT2 (Prop_lut2_I1_O)        0.152     6.805 r  disp/an_OBUF[2]_inst_i_1/O
                         net (fo=1, routed)           1.841     8.646    an_OBUF[2]
    V4                   OBUF (Prop_obuf_I_O)         3.725    12.371 r  an_OBUF[2]_inst/O
                         net (fo=0)                   0.000    12.371    an[2]
    V4                                                                r  an[2]
  -------------------------------------------------------------------    -------------------

Slack:                    inf
  Source:                 disp/idx_reg[1]__0/C
                            (rising edge-triggered cell FDRE clocked by sys_clk_pin  {rise@0.000ns fall@5.000ns period=10.000ns})
  Destination:            an[3]
                            (output port)
  Path Group:             (none)
  Path Type:              Max at Slow Process Corner
  Data Path Delay:        7.183ns  (logic 4.326ns (60.227%)  route 2.857ns (39.773%))
  Logic Levels:           2  (LUT2=1 OBUF=1)
  Clock Uncertainty:      0.025ns  ((TSJ^2 + TIJ^2)^1/2 + DJ) / 2 + PE
    Total System Jitter     (TSJ):    0.050ns
    Total Input Jitter      (TIJ):    0.000ns
    Discrete Jitter          (DJ):    0.000ns
    Phase Error              (PE):    0.000ns

    Location             Delay type                Incr(ns)  Path(ns)    Netlist Resource(s)
  -------------------------------------------------------------------    -------------------
                         (clock sys_clk_pin rise edge)
                                                      0.000     0.000 r  <hidden>
    W5                                                0.000     0.000 r  clk
                         net (fo=0)                   0.000     0.000    clk
    W5                   IBUF (Prop_ibuf_I_O)         1.458     1.458 r  clk_IBUF_inst/O
                         net (fo=1, routed)           1.967     3.425    clk_IBUF
    BUFGCTRL_X0Y0        BUFG (Prop_bufg_I_O)         0.096     3.521 r  clk_IBUF_BUFG_inst/O
                         net (fo=106, routed)         1.618     5.139    disp/clk_IBUF_BUFG
    SLICE_X63Y24         FDRE                                         r  disp/idx_reg[1]__0/C
  -------------------------------------------------------------------    -------------------
    SLICE_X63Y24         FDRE (Prop_fdre_C_Q)         0.456     5.595 f  disp/idx_reg[1]__0/Q
                         net (fo=9, routed)           1.060     6.655    disp/idx[1]
    SLICE_X63Y25         LUT2 (Prop_lut2_I0_O)        0.152     6.807 r  disp/an_OBUF[3]_inst_i_1/O
                         net (fo=1, routed)           1.797     8.604    an_OBUF[3]
    W4                   OBUF (Prop_obuf_I_O)         3.718    12.323 r  an_OBUF[3]_inst/O
                         net (fo=0)                   0.000    12.323    an[3]
    W4                                                                r  an[3]
  -------------------------------------------------------------------    -------------------

Slack:                    inf
  Source:                 disp/idx_reg[0]__0/C
                            (rising edge-triggered cell FDRE clocked by sys_clk_pin  {rise@0.000ns fall@5.000ns period=10.000ns})
  Destination:            an[0]
                            (output port)
  Path Group:             (none)
  Path Type:              Max at Slow Process Corner
  Data Path Delay:        7.054ns  (logic 4.316ns (61.184%)  route 2.738ns (38.816%))
  Logic Levels:           2  (LUT2=1 OBUF=1)
  Clock Uncertainty:      0.025ns  ((TSJ^2 + TIJ^2)^1/2 + DJ) / 2 + PE
    Total System Jitter     (TSJ):    0.050ns
    Total Input Jitter      (TIJ):    0.000ns
    Discrete Jitter          (DJ):    0.000ns
    Phase Error              (PE):    0.000ns

    Location             Delay type                Incr(ns)  Path(ns)    Netlist Resource(s)
  -------------------------------------------------------------------    -------------------
                         (clock sys_clk_pin rise edge)
                                                      0.000     0.000 r  <hidden>
    W5                                                0.000     0.000 r  clk
                         net (fo=0)                   0.000     0.000    clk
    W5                   IBUF (Prop_ibuf_I_O)         1.458     1.458 r  clk_IBUF_inst/O
                         net (fo=1, routed)           1.967     3.425    clk_IBUF
    BUFGCTRL_X0Y0        BUFG (Prop_bufg_I_O)         0.096     3.521 r  clk_IBUF_BUFG_inst/O
                         net (fo=106, routed)         1.618     5.139    disp/clk_IBUF_BUFG
    SLICE_X63Y24         FDRE                                         r  disp/idx_reg[0]__0/C
  -------------------------------------------------------------------    -------------------
    SLICE_X63Y24         FDRE (Prop_fdre_C_Q)         0.456     5.595 r  disp/idx_reg[0]__0/Q
                         net (fo=10, routed)          0.879     6.474    disp/idx[0]
    SLICE_X63Y25         LUT2 (Prop_lut2_I1_O)        0.154     6.628 r  disp/an_OBUF[0]_inst_i_1/O
                         net (fo=1, routed)           1.859     8.487    an_OBUF[0]
    U2                   OBUF (Prop_obuf_I_O)         3.706    12.193 r  an_OBUF[0]_inst/O
                         net (fo=0)                   0.000    12.193    an[0]
    U2                                                                r  an[0]
  -------------------------------------------------------------------    -------------------





Min Delay Paths
--------------------------------------------------------------------------------------
Slack:                    inf
  Source:                 disp/idx_reg[0]__0/C
                            (rising edge-triggered cell FDRE clocked by sys_clk_pin  {rise@0.000ns fall@5.000ns period=10.000ns})
  Destination:            an[1]
                            (output port)
  Path Group:             (none)
  Path Type:              Min at Fast Process Corner
  Data Path Delay:        1.990ns  (logic 1.386ns (69.658%)  route 0.604ns (30.342%))
  Logic Levels:           2  (LUT2=1 OBUF=1)
  Clock Uncertainty:      0.025ns  ((TSJ^2 + TIJ^2)^1/2 + DJ) / 2 + PE
    Total System Jitter     (TSJ):    0.050ns
    Total Input Jitter      (TIJ):    0.000ns
    Discrete Jitter          (DJ):    0.000ns
    Phase Error              (PE):    0.000ns

    Location             Delay type                Incr(ns)  Path(ns)    Netlist Resource(s)
  -------------------------------------------------------------------    -------------------
                         (clock sys_clk_pin rise edge)
                                                      0.000     0.000 r  <hidden>
    W5                                                0.000     0.000 r  clk
                         net (fo=0)                   0.000     0.000    clk
    W5                   IBUF (Prop_ibuf_I_O)         0.226     0.226 r  clk_IBUF_inst/O
                         net (fo=1, routed)           0.631     0.858    clk_IBUF
    BUFGCTRL_X0Y0        BUFG (Prop_bufg_I_O)         0.026     0.884 r  clk_IBUF_BUFG_inst/O
                         net (fo=106, routed)         0.582     1.465    disp/clk_IBUF_BUFG
    SLICE_X63Y24         FDRE                                         r  disp/idx_reg[0]__0/C
  -------------------------------------------------------------------    -------------------
    SLICE_X63Y24         FDRE (Prop_fdre_C_Q)         0.141     1.606 f  disp/idx_reg[0]__0/Q
                         net (fo=10, routed)          0.209     1.815    disp/idx[0]
    SLICE_X63Y25         LUT2 (Prop_lut2_I1_O)        0.045     1.860 r  disp/an_OBUF[1]_inst_i_1/O
                         net (fo=1, routed)           0.395     2.255    an_OBUF[1]
    U4                   OBUF (Prop_obuf_I_O)         1.200     3.455 r  an_OBUF[1]_inst/O
                         net (fo=0)                   0.000     3.455    an[1]
    U4                                                                r  an[1]
  -------------------------------------------------------------------    -------------------

Slack:                    inf
  Source:                 disp/idx_reg[0]__0/C
                            (rising edge-triggered cell FDRE clocked by sys_clk_pin  {rise@0.000ns fall@5.000ns period=10.000ns})
  Destination:            an[3]
                            (output port)
  Path Group:             (none)
  Path Type:              Min at Fast Process Corner
  Data Path Delay:        2.058ns  (logic 1.468ns (71.356%)  route 0.589ns (28.644%))
  Logic Levels:           2  (LUT2=1 OBUF=1)
  Clock Uncertainty:      0.025ns  ((TSJ^2 + TIJ^2)^1/2 + DJ) / 2 + PE
    Total System Jitter     (TSJ):    0.050ns
    Total Input Jitter      (TIJ):    0.000ns
    Discrete Jitter          (DJ):    0.000ns
    Phase Error              (PE):    0.000ns

    Location             Delay type                Incr(ns)  Path(ns)    Netlist Resource(s)
  -------------------------------------------------------------------    -------------------
                         (clock sys_clk_pin rise edge)
                                                      0.000     0.000 r  <hidden>
    W5                                                0.000     0.000 r  clk
                         net (fo=0)                   0.000     0.000    clk
    W5                   IBUF (Prop_ibuf_I_O)         0.226     0.226 r  clk_IBUF_inst/O
                         net (fo=1, routed)           0.631     0.858    clk_IBUF
    BUFGCTRL_X0Y0        BUFG (Prop_bufg_I_O)         0.026     0.884 r  clk_IBUF_BUFG_inst/O
                         net (fo=106, routed)         0.582     1.465    disp/clk_IBUF_BUFG
    SLICE_X63Y24         FDRE                                         r  disp/idx_reg[0]__0/C
  -------------------------------------------------------------------    -------------------
    SLICE_X63Y24         FDRE (Prop_fdre_C_Q)         0.141     1.606 f  disp/idx_reg[0]__0/Q
                         net (fo=10, routed)          0.210     1.816    disp/idx[0]
    SLICE_X63Y25         LUT2 (Prop_lut2_I1_O)        0.049     1.865 r  disp/an_OBUF[3]_inst_i_1/O
                         net (fo=1, routed)           0.380     2.245    an_OBUF[3]
    W4                   OBUF (Prop_obuf_I_O)         1.278     3.523 r  an_OBUF[3]_inst/O
                         net (fo=0)                   0.000     3.523    an[3]
    W4                                                                r  an[3]
  -------------------------------------------------------------------    -------------------

Slack:                    inf
  Source:                 cntr/cnt_reg[4]/C
                            (rising edge-triggered cell FDRE clocked by sys_clk_pin  {rise@0.000ns fall@5.000ns period=10.000ns})
  Destination:            seg[4]
                            (output port)
  Path Group:             (none)
  Path Type:              Min at Fast Process Corner
  Data Path Delay:        2.076ns  (logic 1.452ns (69.937%)  route 0.624ns (30.063%))
  Logic Levels:           3  (LUT4=1 LUT6=1 OBUF=1)
  Clock Uncertainty:      0.025ns  ((TSJ^2 + TIJ^2)^1/2 + DJ) / 2 + PE
    Total System Jitter     (TSJ):    0.050ns
    Total Input Jitter      (TIJ):    0.000ns
    Discrete Jitter          (DJ):    0.000ns
    Phase Error              (PE):    0.000ns

    Location             Delay type                Incr(ns)  Path(ns)    Netlist Resource(s)
  -------------------------------------------------------------------    -------------------
                         (clock sys_clk_pin rise edge)
                                                      0.000     0.000 r  <hidden>
    W5                                                0.000     0.000 r  clk
                         net (fo=0)                   0.000     0.000    clk
    W5                   IBUF (Prop_ibuf_I_O)         0.226     0.226 r  clk_IBUF_inst/O
                         net (fo=1, routed)           0.631     0.858    clk_IBUF
    BUFGCTRL_X0Y0        BUFG (Prop_bufg_I_O)         0.026     0.884 r  clk_IBUF_BUFG_inst/O
                         net (fo=106, routed)         0.582     1.465    cntr/clk_IBUF_BUFG
    SLICE_X62Y24         FDRE                                         r  cntr/cnt_reg[4]/C
  -------------------------------------------------------------------    -------------------
    SLICE_X62Y24         FDRE (Prop_fdre_C_Q)         0.141     1.606 r  cntr/cnt_reg[4]/Q
                         net (fo=3, routed)           0.098     1.704    cntr/cnt_reg[4]
    SLICE_X63Y24         LUT6 (Prop_lut6_I1_O)        0.045     1.749 r  cntr/seg_OBUF[6]_inst_i_3/O
                         net (fo=7, routed)           0.064     1.813    cntr/sel0[0]
    SLICE_X63Y24         LUT4 (Prop_lut4_I3_O)        0.045     1.858 r  cntr/seg_OBUF[4]_inst_i_1/O
                         net (fo=1, routed)           0.463     2.320    seg_OBUF[4]
    U5                   OBUF (Prop_obuf_I_O)         1.221     3.541 r  seg_OBUF[4]_inst/O
                         net (fo=0)                   0.000     3.541    seg[4]
    U5                                                                r  seg[4]
  -------------------------------------------------------------------    -------------------

Slack:                    inf
  Source:                 disp/idx_reg[0]__0/C
                            (rising edge-triggered cell FDRE clocked by sys_clk_pin  {rise@0.000ns fall@5.000ns period=10.000ns})
  Destination:            an[2]
                            (output port)
  Path Group:             (none)
  Path Type:              Min at Fast Process Corner
  Data Path Delay:        2.088ns  (logic 1.475ns (70.640%)  route 0.613ns (29.360%))
  Logic Levels:           2  (LUT2=1 OBUF=1)
  Clock Uncertainty:      0.025ns  ((TSJ^2 + TIJ^2)^1/2 + DJ) / 2 + PE
    Total System Jitter     (TSJ):    0.050ns
    Total Input Jitter      (TIJ):    0.000ns
    Discrete Jitter          (DJ):    0.000ns
    Phase Error              (PE):    0.000ns

    Location             Delay type                Incr(ns)  Path(ns)    Netlist Resource(s)
  -------------------------------------------------------------------    -------------------
                         (clock sys_clk_pin rise edge)
                                                      0.000     0.000 r  <hidden>
    W5                                                0.000     0.000 r  clk
                         net (fo=0)                   0.000     0.000    clk
    W5                   IBUF (Prop_ibuf_I_O)         0.226     0.226 r  clk_IBUF_inst/O
                         net (fo=1, routed)           0.631     0.858    clk_IBUF
    BUFGCTRL_X0Y0        BUFG (Prop_bufg_I_O)         0.026     0.884 r  clk_IBUF_BUFG_inst/O
                         net (fo=106, routed)         0.582     1.465    disp/clk_IBUF_BUFG
    SLICE_X63Y24         FDRE                                         r  disp/idx_reg[0]__0/C
  -------------------------------------------------------------------    -------------------
    SLICE_X63Y24         FDRE (Prop_fdre_C_Q)         0.141     1.606 r  disp/idx_reg[0]__0/Q
                         net (fo=10, routed)          0.209     1.815    disp/idx[0]
    SLICE_X63Y25         LUT2 (Prop_lut2_I0_O)        0.048     1.863 r  disp/an_OBUF[2]_inst_i_1/O
                         net (fo=1, routed)           0.405     2.267    an_OBUF[2]
    V4                   OBUF (Prop_obuf_I_O)         1.286     3.553 r  an_OBUF[2]_inst/O
                         net (fo=0)                   0.000     3.553    an[2]
    V4                                                                r  an[2]
  -------------------------------------------------------------------    -------------------

Slack:                    inf
  Source:                 cntr/cnt_reg[9]/C
                            (rising edge-triggered cell FDRE clocked by sys_clk_pin  {rise@0.000ns fall@5.000ns period=10.000ns})
  Destination:            seg[5]
                            (output port)
  Path Group:             (none)
  Path Type:              Min at Fast Process Corner
  Data Path Delay:        2.096ns  (logic 1.437ns (68.532%)  route 0.660ns (31.468%))
  Logic Levels:           3  (LUT4=1 LUT6=1 OBUF=1)
  Clock Uncertainty:      0.025ns  ((TSJ^2 + TIJ^2)^1/2 + DJ) / 2 + PE
    Total System Jitter     (TSJ):    0.050ns
    Total Input Jitter      (TIJ):    0.000ns
    Discrete Jitter          (DJ):    0.000ns
    Phase Error              (PE):    0.000ns

    Location             Delay type                Incr(ns)  Path(ns)    Netlist Resource(s)
  -------------------------------------------------------------------    -------------------
                         (clock sys_clk_pin rise edge)
                                                      0.000     0.000 r  <hidden>
    W5                                                0.000     0.000 r  clk
                         net (fo=0)                   0.000     0.000    clk
    W5                   IBUF (Prop_ibuf_I_O)         0.226     0.226 r  clk_IBUF_inst/O
                         net (fo=1, routed)           0.631     0.858    clk_IBUF
    BUFGCTRL_X0Y0        BUFG (Prop_bufg_I_O)         0.026     0.884 r  clk_IBUF_BUFG_inst/O
                         net (fo=106, routed)         0.582     1.465    cntr/clk_IBUF_BUFG
    SLICE_X62Y25         FDRE                                         r  cntr/cnt_reg[9]/C
  -------------------------------------------------------------------    -------------------
    SLICE_X62Y25         FDRE (Prop_fdre_C_Q)         0.141     1.606 r  cntr/cnt_reg[9]/Q
                         net (fo=3, routed)           0.076     1.682    cntr/cnt_reg[9]
    SLICE_X63Y25         LUT6 (Prop_lut6_I3_O)        0.045     1.727 r  cntr/seg_OBUF[6]_inst_i_5/O
                         net (fo=7, routed)           0.171     1.898    cntr/sel0[1]
    SLICE_X63Y23         LUT4 (Prop_lut4_I3_O)        0.045     1.943 r  cntr/seg_OBUF[5]_inst_i_1/O
                         net (fo=1, routed)           0.413     2.356    seg_OBUF[5]
    V5                   OBUF (Prop_obuf_I_O)         1.206     3.561 r  seg_OBUF[5]_inst/O
                         net (fo=0)                   0.000     3.561    seg[5]
    V5                                                                r  seg[5]
  -------------------------------------------------------------------    -------------------

Slack:                    inf
  Source:                 cntr/cnt_reg[9]/C
                            (rising edge-triggered cell FDRE clocked by sys_clk_pin  {rise@0.000ns fall@5.000ns period=10.000ns})
  Destination:            seg[0]
                            (output port)
  Path Group:             (none)
  Path Type:              Min at Fast Process Corner
  Data Path Delay:        2.140ns  (logic 1.514ns (70.753%)  route 0.626ns (29.247%))
  Logic Levels:           3  (LUT4=1 LUT6=1 OBUF=1)
  Clock Uncertainty:      0.025ns  ((TSJ^2 + TIJ^2)^1/2 + DJ) / 2 + PE
    Total System Jitter     (TSJ):    0.050ns
    Total Input Jitter      (TIJ):    0.000ns
    Discrete Jitter          (DJ):    0.000ns
    Phase Error              (PE):    0.000ns

    Location             Delay type                Incr(ns)  Path(ns)    Netlist Resource(s)
  -------------------------------------------------------------------    -------------------
                         (clock sys_clk_pin rise edge)
                                                      0.000     0.000 r  <hidden>
    W5                                                0.000     0.000 r  clk
                         net (fo=0)                   0.000     0.000    clk
    W5                   IBUF (Prop_ibuf_I_O)         0.226     0.226 r  clk_IBUF_inst/O
                         net (fo=1, routed)           0.631     0.858    clk_IBUF
    BUFGCTRL_X0Y0        BUFG (Prop_bufg_I_O)         0.026     0.884 r  clk_IBUF_BUFG_inst/O
                         net (fo=106, routed)         0.582     1.465    cntr/clk_IBUF_BUFG
    SLICE_X62Y25         FDRE                                         r  cntr/cnt_reg[9]/C
  -------------------------------------------------------------------    -------------------
    SLICE_X62Y25         FDRE (Prop_fdre_C_Q)         0.141     1.606 r  cntr/cnt_reg[9]/Q
                         net (fo=3, routed)           0.076     1.682    cntr/cnt_reg[9]
    SLICE_X63Y25         LUT6 (Prop_lut6_I3_O)        0.045     1.727 r  cntr/seg_OBUF[6]_inst_i_5/O
                         net (fo=7, routed)           0.171     1.898    cntr/sel0[1]
    SLICE_X63Y23         LUT4 (Prop_lut4_I3_O)        0.051     1.949 r  cntr/seg_OBUF[0]_inst_i_1/O
                         net (fo=1, routed)           0.379     2.328    seg_OBUF[0]
    W7                   OBUF (Prop_obuf_I_O)         1.277     3.605 r  seg_OBUF[0]_inst/O
                         net (fo=0)                   0.000     3.605    seg[0]
    W7                                                                r  seg[0]
  -------------------------------------------------------------------    -------------------

Slack:                    inf
  Source:                 cntr/cnt_reg[2]/C
                            (rising edge-triggered cell FDRE clocked by sys_clk_pin  {rise@0.000ns fall@5.000ns period=10.000ns})
  Destination:            seg[2]
                            (output port)
  Path Group:             (none)
  Path Type:              Min at Fast Process Corner
  Data Path Delay:        2.144ns  (logic 1.467ns (68.408%)  route 0.677ns (31.592%))
  Logic Levels:           3  (LUT4=1 LUT6=1 OBUF=1)
  Clock Uncertainty:      0.025ns  ((TSJ^2 + TIJ^2)^1/2 + DJ) / 2 + PE
    Total System Jitter     (TSJ):    0.050ns
    Total Input Jitter      (TIJ):    0.000ns
    Discrete Jitter          (DJ):    0.000ns
    Phase Error              (PE):    0.000ns

    Location             Delay type                Incr(ns)  Path(ns)    Netlist Resource(s)
  -------------------------------------------------------------------    -------------------
                         (clock sys_clk_pin rise edge)
                                                      0.000     0.000 r  <hidden>
    W5                                                0.000     0.000 r  clk
                         net (fo=0)                   0.000     0.000    clk
    W5                   IBUF (Prop_ibuf_I_O)         0.226     0.226 r  clk_IBUF_inst/O
                         net (fo=1, routed)           0.631     0.858    clk_IBUF
    BUFGCTRL_X0Y0        BUFG (Prop_bufg_I_O)         0.026     0.884 r  clk_IBUF_BUFG_inst/O
                         net (fo=106, routed)         0.583     1.466    cntr/clk_IBUF_BUFG
    SLICE_X62Y23         FDRE                                         r  cntr/cnt_reg[2]/C
  -------------------------------------------------------------------    -------------------
    SLICE_X62Y23         FDRE (Prop_fdre_C_Q)         0.141     1.607 r  cntr/cnt_reg[2]/Q
                         net (fo=3, routed)           0.128     1.735    cntr/cnt_reg[2]
    SLICE_X63Y24         LUT6 (Prop_lut6_I5_O)        0.045     1.780 r  cntr/seg_OBUF[6]_inst_i_4/O
                         net (fo=7, routed)           0.226     2.006    cntr/sel0[2]
    SLICE_X63Y23         LUT4 (Prop_lut4_I3_O)        0.045     2.051 r  cntr/seg_OBUF[2]_inst_i_1/O
                         net (fo=1, routed)           0.324     2.375    seg_OBUF[2]
    U8                   OBUF (Prop_obuf_I_O)         1.236     3.611 r  seg_OBUF[2]_inst/O
                         net (fo=0)                   0.000     3.611    seg[2]
    U8                                                                r  seg[2]
  -------------------------------------------------------------------    -------------------

Slack:                    inf
  Source:                 cntr/cnt_reg[4]/C
                            (rising edge-triggered cell FDRE clocked by sys_clk_pin  {rise@0.000ns fall@5.000ns period=10.000ns})
  Destination:            seg[1]
                            (output port)
  Path Group:             (none)
  Path Type:              Min at Fast Process Corner
  Data Path Delay:        2.191ns  (logic 1.461ns (66.669%)  route 0.730ns (33.331%))
  Logic Levels:           3  (LUT4=1 LUT6=1 OBUF=1)
  Clock Uncertainty:      0.025ns  ((TSJ^2 + TIJ^2)^1/2 + DJ) / 2 + PE
    Total System Jitter     (TSJ):    0.050ns
    Total Input Jitter      (TIJ):    0.000ns
    Discrete Jitter          (DJ):    0.000ns
    Phase Error              (PE):    0.000ns

    Location             Delay type                Incr(ns)  Path(ns)    Netlist Resource(s)
  -------------------------------------------------------------------    -------------------
                         (clock sys_clk_pin rise edge)
                                                      0.000     0.000 r  <hidden>
    W5                                                0.000     0.000 r  clk
                         net (fo=0)                   0.000     0.000    clk
    W5                   IBUF (Prop_ibuf_I_O)         0.226     0.226 r  clk_IBUF_inst/O
                         net (fo=1, routed)           0.631     0.858    clk_IBUF
    BUFGCTRL_X0Y0        BUFG (Prop_bufg_I_O)         0.026     0.884 r  clk_IBUF_BUFG_inst/O
                         net (fo=106, routed)         0.582     1.465    cntr/clk_IBUF_BUFG
    SLICE_X62Y24         FDRE                                         r  cntr/cnt_reg[4]/C
  -------------------------------------------------------------------    -------------------
    SLICE_X62Y24         FDRE (Prop_fdre_C_Q)         0.141     1.606 r  cntr/cnt_reg[4]/Q
                         net (fo=3, routed)           0.098     1.704    cntr/cnt_reg[4]
    SLICE_X63Y24         LUT6 (Prop_lut6_I1_O)        0.045     1.749 r  cntr/seg_OBUF[6]_inst_i_3/O
                         net (fo=7, routed)           0.307     2.056    cntr/sel0[0]
    SLICE_X63Y23         LUT4 (Prop_lut4_I3_O)        0.045     2.101 r  cntr/seg_OBUF[1]_inst_i_1/O
                         net (fo=1, routed)           0.326     2.427    seg_OBUF[1]
    W6                   OBUF (Prop_obuf_I_O)         1.230     3.657 r  seg_OBUF[1]_inst/O
                         net (fo=0)                   0.000     3.657    seg[1]
    W6                                                                r  seg[1]
  -------------------------------------------------------------------    -------------------

Slack:                    inf
  Source:                 disp/idx_reg[0]__0/C
                            (rising edge-triggered cell FDRE clocked by sys_clk_pin  {rise@0.000ns fall@5.000ns period=10.000ns})
  Destination:            an[0]
                            (output port)
  Path Group:             (none)
  Path Type:              Min at Fast Process Corner
  Data Path Delay:        2.216ns  (logic 1.454ns (65.614%)  route 0.762ns (34.386%))
  Logic Levels:           2  (LUT2=1 OBUF=1)
  Clock Uncertainty:      0.025ns  ((TSJ^2 + TIJ^2)^1/2 + DJ) / 2 + PE
    Total System Jitter     (TSJ):    0.050ns
    Total Input Jitter      (TIJ):    0.000ns
    Discrete Jitter          (DJ):    0.000ns
    Phase Error              (PE):    0.000ns

    Location             Delay type                Incr(ns)  Path(ns)    Netlist Resource(s)
  -------------------------------------------------------------------    -------------------
                         (clock sys_clk_pin rise edge)
                                                      0.000     0.000 r  <hidden>
    W5                                                0.000     0.000 r  clk
                         net (fo=0)                   0.000     0.000    clk
    W5                   IBUF (Prop_ibuf_I_O)         0.226     0.226 r  clk_IBUF_inst/O
                         net (fo=1, routed)           0.631     0.858    clk_IBUF
    BUFGCTRL_X0Y0        BUFG (Prop_bufg_I_O)         0.026     0.884 r  clk_IBUF_BUFG_inst/O
                         net (fo=106, routed)         0.582     1.465    disp/clk_IBUF_BUFG
    SLICE_X63Y24         FDRE                                         r  disp/idx_reg[0]__0/C
  -------------------------------------------------------------------    -------------------
    SLICE_X63Y24         FDRE (Prop_fdre_C_Q)         0.141     1.606 r  disp/idx_reg[0]__0/Q
                         net (fo=10, routed)          0.349     1.955    disp/idx[0]
    SLICE_X63Y25         LUT2 (Prop_lut2_I1_O)        0.044     1.999 r  disp/an_OBUF[0]_inst_i_1/O
                         net (fo=1, routed)           0.413     2.412    an_OBUF[0]
    U2                   OBUF (Prop_obuf_I_O)         1.269     3.681 r  an_OBUF[0]_inst/O
                         net (fo=0)                   0.000     3.681    an[0]
    U2                                                                r  an[0]
  -------------------------------------------------------------------    -------------------

Slack:                    inf
  Source:                 cntr/cnt_reg[4]/C
                            (rising edge-triggered cell FDRE clocked by sys_clk_pin  {rise@0.000ns fall@5.000ns period=10.000ns})
  Destination:            seg[3]
                            (output port)
  Path Group:             (none)
  Path Type:              Min at Fast Process Corner
  Data Path Delay:        2.287ns  (logic 1.528ns (66.830%)  route 0.759ns (33.170%))
  Logic Levels:           3  (LUT4=1 LUT6=1 OBUF=1)
  Clock Uncertainty:      0.025ns  ((TSJ^2 + TIJ^2)^1/2 + DJ) / 2 + PE
    Total System Jitter     (TSJ):    0.050ns
    Total Input Jitter      (TIJ):    0.000ns
    Discrete Jitter          (DJ):    0.000ns
    Phase Error              (PE):    0.000ns

    Location             Delay type                Incr(ns)  Path(ns)    Netlist Resource(s)
  -------------------------------------------------------------------    -------------------
                         (clock sys_clk_pin rise edge)
                                                      0.000     0.000 r  <hidden>
    W5                                                0.000     0.000 r  clk
                         net (fo=0)                   0.000     0.000    clk
    W5                   IBUF (Prop_ibuf_I_O)         0.226     0.226 r  clk_IBUF_inst/O
                         net (fo=1, routed)           0.631     0.858    clk_IBUF
    BUFGCTRL_X0Y0        BUFG (Prop_bufg_I_O)         0.026     0.884 r  clk_IBUF_BUFG_inst/O
                         net (fo=106, routed)         0.582     1.465    cntr/clk_IBUF_BUFG
    SLICE_X62Y24         FDRE                                         r  cntr/cnt_reg[4]/C
  -------------------------------------------------------------------    -------------------
    SLICE_X62Y24         FDRE (Prop_fdre_C_Q)         0.141     1.606 r  cntr/cnt_reg[4]/Q
                         net (fo=3, routed)           0.098     1.704    cntr/cnt_reg[4]
    SLICE_X63Y24         LUT6 (Prop_lut6_I1_O)        0.045     1.749 r  cntr/seg_OBUF[6]_inst_i_3/O
                         net (fo=7, routed)           0.307     2.056    cntr/sel0[0]
    SLICE_X63Y23         LUT4 (Prop_lut4_I2_O)        0.044     2.100 r  cntr/seg_OBUF[3]_inst_i_1/O
                         net (fo=1, routed)           0.354     2.454    seg_OBUF[3]
    V8                   OBUF (Prop_obuf_I_O)         1.298     3.752 r  seg_OBUF[3]_inst/O
                         net (fo=0)                   0.000     3.752    seg[3]
    V8                                                                r  seg[3]
  -------------------------------------------------------------------    -------------------





--------------------------------------------------------------------------------------
Path Group:  (none)
From Clock:  
  To Clock:  sys_clk_pin

Max Delay            19 Endpoints
Min Delay            19 Endpoints
--------------------------------------------------------------------------------------


Max Delay Paths
--------------------------------------------------------------------------------------
Slack:                    inf
  Source:                 sw0
                            (input port)
  Destination:            cntr/cnt_reg[0]/CE
                            (rising edge-triggered cell FDRE clocked by sys_clk_pin  {rise@0.000ns fall@5.000ns period=10.000ns})
  Path Group:             (none)
  Path Type:              Setup (Max at Slow Process Corner)
  Data Path Delay:        5.348ns  (logic 1.577ns (29.484%)  route 3.771ns (70.516%))
  Logic Levels:           2  (IBUF=1 LUT5=1)
  Clock Path Skew:        4.845ns (DCD - SCD + CPR)
    Destination Clock Delay (DCD):    4.845ns
    Source Clock Delay      (SCD):    0.000ns
    Clock Pessimism Removal (CPR):    0.000ns
  Clock Uncertainty:      0.025ns  ((TSJ^2 + TIJ^2)^1/2 + DJ) / 2 + PE
    Total System Jitter     (TSJ):    0.050ns
    Total Input Jitter      (TIJ):    0.000ns
    Discrete Jitter          (DJ):    0.000ns
    Phase Error              (PE):    0.000ns

    Location             Delay type                Incr(ns)  Path(ns)    Netlist Resource(s)
  -------------------------------------------------------------------    -------------------
    V17                                               0.000     0.000 f  sw0
                         net (fo=0)                   0.000     0.000    sw0
    V17                  IBUF (Prop_ibuf_I_O)         1.453     1.453 f  sw0_IBUF_inst/O
                         net (fo=1, routed)           3.179     4.632    deb_d/sw0_IBUF
    SLICE_X63Y23         LUT5 (Prop_lut5_I4_O)        0.124     4.756 r  deb_d/cnt[0]_i_1/O
                         net (fo=16, routed)          0.592     5.348    cntr/cnt[0]
    SLICE_X62Y23         FDRE                                         r  cntr/cnt_reg[0]/CE
  -------------------------------------------------------------------    -------------------

                         (clock sys_clk_pin rise edge)
                                                      0.000     0.000 r  <hidden>
    W5                                                0.000     0.000 r  clk
                         net (fo=0)                   0.000     0.000    clk
    W5                   IBUF (Prop_ibuf_I_O)         1.388     1.388 r  clk_IBUF_inst/O
                         net (fo=1, routed)           1.862     3.250    clk_IBUF
    BUFGCTRL_X0Y0        BUFG (Prop_bufg_I_O)         0.091     3.341 r  clk_IBUF_BUFG_inst/O
                         net (fo=106, routed)         1.504     4.845    cntr/clk_IBUF_BUFG
    SLICE_X62Y23         FDRE                                         r  cntr/cnt_reg[0]/C

Slack:                    inf
  Source:                 sw0
                            (input port)
  Destination:            cntr/cnt_reg[1]/CE
                            (rising edge-triggered cell FDRE clocked by sys_clk_pin  {rise@0.000ns fall@5.000ns period=10.000ns})
  Path Group:             (none)
  Path Type:              Setup (Max at Slow Process Corner)
  Data Path Delay:        5.348ns  (logic 1.577ns (29.484%)  route 3.771ns (70.516%))
  Logic Levels:           2  (IBUF=1 LUT5=1)
  Clock Path Skew:        4.845ns (DCD - SCD + CPR)
    Destination Clock Delay (DCD):    4.845ns
    Source Clock Delay      (SCD):    0.000ns
    Clock Pessimism Removal (CPR):    0.000ns
  Clock Uncertainty:      0.025ns  ((TSJ^2 + TIJ^2)^1/2 + DJ) / 2 + PE
    Total System Jitter     (TSJ):    0.050ns
    Total Input Jitter      (TIJ):    0.000ns
    Discrete Jitter          (DJ):    0.000ns
    Phase Error              (PE):    0.000ns

    Location             Delay type                Incr(ns)  Path(ns)    Netlist Resource(s)
  -------------------------------------------------------------------    -------------------
    V17                                               0.000     0.000 f  sw0
                         net (fo=0)                   0.000     0.000    sw0
    V17                  IBUF (Prop_ibuf_I_O)         1.453     1.453 f  sw0_IBUF_inst/O
                         net (fo=1, routed)           3.179     4.632    deb_d/sw0_IBUF
    SLICE_X63Y23         LUT5 (Prop_lut5_I4_O)        0.124     4.756 r  deb_d/cnt[0]_i_1/O
                         net (fo=16, routed)          0.592     5.348    cntr/cnt[0]
    SLICE_X62Y23         FDRE                                         r  cntr/cnt_reg[1]/CE
  -------------------------------------------------------------------    -------------------

                         (clock sys_clk_pin rise edge)
                                                      0.000     0.000 r  <hidden>
    W5                                                0.000     0.000 r  clk
                         net (fo=0)                   0.000     0.000    clk
    W5                   IBUF (Prop_ibuf_I_O)         1.388     1.388 r  clk_IBUF_inst/O
                         net (fo=1, routed)           1.862     3.250    clk_IBUF
    BUFGCTRL_X0Y0        BUFG (Prop_bufg_I_O)         0.091     3.341 r  clk_IBUF_BUFG_inst/O
                         net (fo=106, routed)         1.504     4.845    cntr/clk_IBUF_BUFG
    SLICE_X62Y23         FDRE                                         r  cntr/cnt_reg[1]/C

Slack:                    inf
  Source:                 sw0
                            (input port)
  Destination:            cntr/cnt_reg[2]/CE
                            (rising edge-triggered cell FDRE clocked by sys_clk_pin  {rise@0.000ns fall@5.000ns period=10.000ns})
  Path Group:             (none)
  Path Type:              Setup (Max at Slow Process Corner)
  Data Path Delay:        5.348ns  (logic 1.577ns (29.484%)  route 3.771ns (70.516%))
  Logic Levels:           2  (IBUF=1 LUT5=1)
  Clock Path Skew:        4.845ns (DCD - SCD + CPR)
    Destination Clock Delay (DCD):    4.845ns
    Source Clock Delay      (SCD):    0.000ns
    Clock Pessimism Removal (CPR):    0.000ns
  Clock Uncertainty:      0.025ns  ((TSJ^2 + TIJ^2)^1/2 + DJ) / 2 + PE
    Total System Jitter     (TSJ):    0.050ns
    Total Input Jitter      (TIJ):    0.000ns
    Discrete Jitter          (DJ):    0.000ns
    Phase Error              (PE):    0.000ns

    Location             Delay type                Incr(ns)  Path(ns)    Netlist Resource(s)
  -------------------------------------------------------------------    -------------------
    V17                                               0.000     0.000 f  sw0
                         net (fo=0)                   0.000     0.000    sw0
    V17                  IBUF (Prop_ibuf_I_O)         1.453     1.453 f  sw0_IBUF_inst/O
                         net (fo=1, routed)           3.179     4.632    deb_d/sw0_IBUF
    SLICE_X63Y23         LUT5 (Prop_lut5_I4_O)        0.124     4.756 r  deb_d/cnt[0]_i_1/O
                         net (fo=16, routed)          0.592     5.348    cntr/cnt[0]
    SLICE_X62Y23         FDRE                                         r  cntr/cnt_reg[2]/CE
  -------------------------------------------------------------------    -------------------

                         (clock sys_clk_pin rise edge)
                                                      0.000     0.000 r  <hidden>
    W5                                                0.000     0.000 r  clk
                         net (fo=0)                   0.000     0.000    clk
    W5                   IBUF (Prop_ibuf_I_O)         1.388     1.388 r  clk_IBUF_inst/O
                         net (fo=1, routed)           1.862     3.250    clk_IBUF
    BUFGCTRL_X0Y0        BUFG (Prop_bufg_I_O)         0.091     3.341 r  clk_IBUF_BUFG_inst/O
                         net (fo=106, routed)         1.504     4.845    cntr/clk_IBUF_BUFG
    SLICE_X62Y23         FDRE                                         r  cntr/cnt_reg[2]/C

Slack:                    inf
  Source:                 sw0
                            (input port)
  Destination:            cntr/cnt_reg[3]/CE
                            (rising edge-triggered cell FDRE clocked by sys_clk_pin  {rise@0.000ns fall@5.000ns period=10.000ns})
  Path Group:             (none)
  Path Type:              Setup (Max at Slow Process Corner)
  Data Path Delay:        5.348ns  (logic 1.577ns (29.484%)  route 3.771ns (70.516%))
  Logic Levels:           2  (IBUF=1 LUT5=1)
  Clock Path Skew:        4.845ns (DCD - SCD + CPR)
    Destination Clock Delay (DCD):    4.845ns
    Source Clock Delay      (SCD):    0.000ns
    Clock Pessimism Removal (CPR):    0.000ns
  Clock Uncertainty:      0.025ns  ((TSJ^2 + TIJ^2)^1/2 + DJ) / 2 + PE
    Total System Jitter     (TSJ):    0.050ns
    Total Input Jitter      (TIJ):    0.000ns
    Discrete Jitter          (DJ):    0.000ns
    Phase Error              (PE):    0.000ns

    Location             Delay type                Incr(ns)  Path(ns)    Netlist Resource(s)
  -------------------------------------------------------------------    -------------------
    V17                                               0.000     0.000 f  sw0
                         net (fo=0)                   0.000     0.000    sw0
    V17                  IBUF (Prop_ibuf_I_O)         1.453     1.453 f  sw0_IBUF_inst/O
                         net (fo=1, routed)           3.179     4.632    deb_d/sw0_IBUF
    SLICE_X63Y23         LUT5 (Prop_lut5_I4_O)        0.124     4.756 r  deb_d/cnt[0]_i_1/O
                         net (fo=16, routed)          0.592     5.348    cntr/cnt[0]
    SLICE_X62Y23         FDRE                                         r  cntr/cnt_reg[3]/CE
  -------------------------------------------------------------------    -------------------

                         (clock sys_clk_pin rise edge)
                                                      0.000     0.000 r  <hidden>
    W5                                                0.000     0.000 r  clk
                         net (fo=0)                   0.000     0.000    clk
    W5                   IBUF (Prop_ibuf_I_O)         1.388     1.388 r  clk_IBUF_inst/O
                         net (fo=1, routed)           1.862     3.250    clk_IBUF
    BUFGCTRL_X0Y0        BUFG (Prop_bufg_I_O)         0.091     3.341 r  clk_IBUF_BUFG_inst/O
                         net (fo=106, routed)         1.504     4.845    cntr/clk_IBUF_BUFG
    SLICE_X62Y23         FDRE                                         r  cntr/cnt_reg[3]/C

Slack:                    inf
  Source:                 sw0
                            (input port)
  Destination:            cntr/cnt_reg[10]/CE
                            (rising edge-triggered cell FDRE clocked by sys_clk_pin  {rise@0.000ns fall@5.000ns period=10.000ns})
  Path Group:             (none)
  Path Type:              Setup (Max at Slow Process Corner)
  Data Path Delay:        5.331ns  (logic 1.577ns (29.580%)  route 3.754ns (70.420%))
  Logic Levels:           2  (IBUF=1 LUT5=1)
  Clock Path Skew:        4.843ns (DCD - SCD + CPR)
    Destination Clock Delay (DCD):    4.843ns
    Source Clock Delay      (SCD):    0.000ns
    Clock Pessimism Removal (CPR):    0.000ns
  Clock Uncertainty:      0.025ns  ((TSJ^2 + TIJ^2)^1/2 + DJ) / 2 + PE
    Total System Jitter     (TSJ):    0.050ns
    Total Input Jitter      (TIJ):    0.000ns
    Discrete Jitter          (DJ):    0.000ns
    Phase Error              (PE):    0.000ns

    Location             Delay type                Incr(ns)  Path(ns)    Netlist Resource(s)
  -------------------------------------------------------------------    -------------------
    V17                                               0.000     0.000 f  sw0
                         net (fo=0)                   0.000     0.000    sw0
    V17                  IBUF (Prop_ibuf_I_O)         1.453     1.453 f  sw0_IBUF_inst/O
                         net (fo=1, routed)           3.179     4.632    deb_d/sw0_IBUF
    SLICE_X63Y23         LUT5 (Prop_lut5_I4_O)        0.124     4.756 r  deb_d/cnt[0]_i_1/O
                         net (fo=16, routed)          0.575     5.331    cntr/cnt[0]
    SLICE_X62Y25         FDRE                                         r  cntr/cnt_reg[10]/CE
  -------------------------------------------------------------------    -------------------

                         (clock sys_clk_pin rise edge)
                                                      0.000     0.000 r  <hidden>
    W5                                                0.000     0.000 r  clk
                         net (fo=0)                   0.000     0.000    clk
    W5                   IBUF (Prop_ibuf_I_O)         1.388     1.388 r  clk_IBUF_inst/O
                         net (fo=1, routed)           1.862     3.250    clk_IBUF
    BUFGCTRL_X0Y0        BUFG (Prop_bufg_I_O)         0.091     3.341 r  clk_IBUF_BUFG_inst/O
                         net (fo=106, routed)         1.502     4.843    cntr/clk_IBUF_BUFG
    SLICE_X62Y25         FDRE                                         r  cntr/cnt_reg[10]/C

Slack:                    inf
  Source:                 sw0
                            (input port)
  Destination:            cntr/cnt_reg[11]/CE
                            (rising edge-triggered cell FDRE clocked by sys_clk_pin  {rise@0.000ns fall@5.000ns period=10.000ns})
  Path Group:             (none)
  Path Type:              Setup (Max at Slow Process Corner)
  Data Path Delay:        5.331ns  (logic 1.577ns (29.580%)  route 3.754ns (70.420%))
  Logic Levels:           2  (IBUF=1 LUT5=1)
  Clock Path Skew:        4.843ns (DCD - SCD + CPR)
    Destination Clock Delay (DCD):    4.843ns
    Source Clock Delay      (SCD):    0.000ns
    Clock Pessimism Removal (CPR):    0.000ns
  Clock Uncertainty:      0.025ns  ((TSJ^2 + TIJ^2)^1/2 + DJ) / 2 + PE
    Total System Jitter     (TSJ):    0.050ns
    Total Input Jitter      (TIJ):    0.000ns
    Discrete Jitter          (DJ):    0.000ns
    Phase Error              (PE):    0.000ns

    Location             Delay type                Incr(ns)  Path(ns)    Netlist Resource(s)
  -------------------------------------------------------------------    -------------------
    V17                                               0.000     0.000 f  sw0
                         net (fo=0)                   0.000     0.000    sw0
    V17                  IBUF (Prop_ibuf_I_O)         1.453     1.453 f  sw0_IBUF_inst/O
                         net (fo=1, routed)           3.179     4.632    deb_d/sw0_IBUF
    SLICE_X63Y23         LUT5 (Prop_lut5_I4_O)        0.124     4.756 r  deb_d/cnt[0]_i_1/O
                         net (fo=16, routed)          0.575     5.331    cntr/cnt[0]
    SLICE_X62Y25         FDRE                                         r  cntr/cnt_reg[11]/CE
  -------------------------------------------------------------------    -------------------

                         (clock sys_clk_pin rise edge)
                                                      0.000     0.000 r  <hidden>
    W5                                                0.000     0.000 r  clk
                         net (fo=0)                   0.000     0.000    clk
    W5                   IBUF (Prop_ibuf_I_O)         1.388     1.388 r  clk_IBUF_inst/O
                         net (fo=1, routed)           1.862     3.250    clk_IBUF
    BUFGCTRL_X0Y0        BUFG (Prop_bufg_I_O)         0.091     3.341 r  clk_IBUF_BUFG_inst/O
                         net (fo=106, routed)         1.502     4.843    cntr/clk_IBUF_BUFG
    SLICE_X62Y25         FDRE                                         r  cntr/cnt_reg[11]/C

Slack:                    inf
  Source:                 sw0
                            (input port)
  Destination:            cntr/cnt_reg[8]/CE
                            (rising edge-triggered cell FDRE clocked by sys_clk_pin  {rise@0.000ns fall@5.000ns period=10.000ns})
  Path Group:             (none)
  Path Type:              Setup (Max at Slow Process Corner)
  Data Path Delay:        5.331ns  (logic 1.577ns (29.580%)  route 3.754ns (70.420%))
  Logic Levels:           2  (IBUF=1 LUT5=1)
  Clock Path Skew:        4.843ns (DCD - SCD + CPR)
    Destination Clock Delay (DCD):    4.843ns
    Source Clock Delay      (SCD):    0.000ns
    Clock Pessimism Removal (CPR):    0.000ns
  Clock Uncertainty:      0.025ns  ((TSJ^2 + TIJ^2)^1/2 + DJ) / 2 + PE
    Total System Jitter     (TSJ):    0.050ns
    Total Input Jitter      (TIJ):    0.000ns
    Discrete Jitter          (DJ):    0.000ns
    Phase Error              (PE):    0.000ns

    Location             Delay type                Incr(ns)  Path(ns)    Netlist Resource(s)
  -------------------------------------------------------------------    -------------------
    V17                                               0.000     0.000 f  sw0
                         net (fo=0)                   0.000     0.000    sw0
    V17                  IBUF (Prop_ibuf_I_O)         1.453     1.453 f  sw0_IBUF_inst/O
                         net (fo=1, routed)           3.179     4.632    deb_d/sw0_IBUF
    SLICE_X63Y23         LUT5 (Prop_lut5_I4_O)        0.124     4.756 r  deb_d/cnt[0]_i_1/O
                         net (fo=16, routed)          0.575     5.331    cntr/cnt[0]
    SLICE_X62Y25         FDRE                                         r  cntr/cnt_reg[8]/CE
  -------------------------------------------------------------------    -------------------

                         (clock sys_clk_pin rise edge)
                                                      0.000     0.000 r  <hidden>
    W5                                                0.000     0.000 r  clk
                         net (fo=0)                   0.000     0.000    clk
    W5                   IBUF (Prop_ibuf_I_O)         1.388     1.388 r  clk_IBUF_inst/O
                         net (fo=1, routed)           1.862     3.250    clk_IBUF
    BUFGCTRL_X0Y0        BUFG (Prop_bufg_I_O)         0.091     3.341 r  clk_IBUF_BUFG_inst/O
                         net (fo=106, routed)         1.502     4.843    cntr/clk_IBUF_BUFG
    SLICE_X62Y25         FDRE                                         r  cntr/cnt_reg[8]/C

Slack:                    inf
  Source:                 sw0
                            (input port)
  Destination:            cntr/cnt_reg[9]/CE
                            (rising edge-triggered cell FDRE clocked by sys_clk_pin  {rise@0.000ns fall@5.000ns period=10.000ns})
  Path Group:             (none)
  Path Type:              Setup (Max at Slow Process Corner)
  Data Path Delay:        5.331ns  (logic 1.577ns (29.580%)  route 3.754ns (70.420%))
  Logic Levels:           2  (IBUF=1 LUT5=1)
  Clock Path Skew:        4.843ns (DCD - SCD + CPR)
    Destination Clock Delay (DCD):    4.843ns
    Source Clock Delay      (SCD):    0.000ns
    Clock Pessimism Removal (CPR):    0.000ns
  Clock Uncertainty:      0.025ns  ((TSJ^2 + TIJ^2)^1/2 + DJ) / 2 + PE
    Total System Jitter     (TSJ):    0.050ns
    Total Input Jitter      (TIJ):    0.000ns
    Discrete Jitter          (DJ):    0.000ns
    Phase Error              (PE):    0.000ns

    Location             Delay type                Incr(ns)  Path(ns)    Netlist Resource(s)
  -------------------------------------------------------------------    -------------------
    V17                                               0.000     0.000 f  sw0
                         net (fo=0)                   0.000     0.000    sw0
    V17                  IBUF (Prop_ibuf_I_O)         1.453     1.453 f  sw0_IBUF_inst/O
                         net (fo=1, routed)           3.179     4.632    deb_d/sw0_IBUF
    SLICE_X63Y23         LUT5 (Prop_lut5_I4_O)        0.124     4.756 r  deb_d/cnt[0]_i_1/O
                         net (fo=16, routed)          0.575     5.331    cntr/cnt[0]
    SLICE_X62Y25         FDRE                                         r  cntr/cnt_reg[9]/CE
  -------------------------------------------------------------------    -------------------

                         (clock sys_clk_pin rise edge)
                                                      0.000     0.000 r  <hidden>
    W5                                                0.000     0.000 r  clk
                         net (fo=0)                   0.000     0.000    clk
    W5                   IBUF (Prop_ibuf_I_O)         1.388     1.388 r  clk_IBUF_inst/O
                         net (fo=1, routed)           1.862     3.250    clk_IBUF
    BUFGCTRL_X0Y0        BUFG (Prop_bufg_I_O)         0.091     3.341 r  clk_IBUF_BUFG_inst/O
                         net (fo=106, routed)         1.502     4.843    cntr/clk_IBUF_BUFG
    SLICE_X62Y25         FDRE                                         r  cntr/cnt_reg[9]/C

Slack:                    inf
  Source:                 sw0
                            (input port)
  Destination:            cntr/cnt_reg[12]/CE
                            (rising edge-triggered cell FDRE clocked by sys_clk_pin  {rise@0.000ns fall@5.000ns period=10.000ns})
  Path Group:             (none)
  Path Type:              Setup (Max at Slow Process Corner)
  Data Path Delay:        5.291ns  (logic 1.577ns (29.801%)  route 3.714ns (70.199%))
  Logic Levels:           2  (IBUF=1 LUT5=1)
  Clock Path Skew:        4.845ns (DCD - SCD + CPR)
    Destination Clock Delay (DCD):    4.845ns
    Source Clock Delay      (SCD):    0.000ns
    Clock Pessimism Removal (CPR):    0.000ns
  Clock Uncertainty:      0.025ns  ((TSJ^2 + TIJ^2)^1/2 + DJ) / 2 + PE
    Total System Jitter     (TSJ):    0.050ns
    Total Input Jitter      (TIJ):    0.000ns
    Discrete Jitter          (DJ):    0.000ns
    Phase Error              (PE):    0.000ns

    Location             Delay type                Incr(ns)  Path(ns)    Netlist Resource(s)
  -------------------------------------------------------------------    -------------------
    V17                                               0.000     0.000 f  sw0
                         net (fo=0)                   0.000     0.000    sw0
    V17                  IBUF (Prop_ibuf_I_O)         1.453     1.453 f  sw0_IBUF_inst/O
                         net (fo=1, routed)           3.179     4.632    deb_d/sw0_IBUF
    SLICE_X63Y23         LUT5 (Prop_lut5_I4_O)        0.124     4.756 r  deb_d/cnt[0]_i_1/O
                         net (fo=16, routed)          0.535     5.291    cntr/cnt[0]
    SLICE_X62Y26         FDRE                                         r  cntr/cnt_reg[12]/CE
  -------------------------------------------------------------------    -------------------

                         (clock sys_clk_pin rise edge)
                                                      0.000     0.000 r  <hidden>
    W5                                                0.000     0.000 r  clk
                         net (fo=0)                   0.000     0.000    clk
    W5                   IBUF (Prop_ibuf_I_O)         1.388     1.388 r  clk_IBUF_inst/O
                         net (fo=1, routed)           1.862     3.250    clk_IBUF
    BUFGCTRL_X0Y0        BUFG (Prop_bufg_I_O)         0.091     3.341 r  clk_IBUF_BUFG_inst/O
                         net (fo=106, routed)         1.504     4.845    cntr/clk_IBUF_BUFG
    SLICE_X62Y26         FDRE                                         r  cntr/cnt_reg[12]/C

Slack:                    inf
  Source:                 sw0
                            (input port)
  Destination:            cntr/cnt_reg[13]/CE
                            (rising edge-triggered cell FDRE clocked by sys_clk_pin  {rise@0.000ns fall@5.000ns period=10.000ns})
  Path Group:             (none)
  Path Type:              Setup (Max at Slow Process Corner)
  Data Path Delay:        5.291ns  (logic 1.577ns (29.801%)  route 3.714ns (70.199%))
  Logic Levels:           2  (IBUF=1 LUT5=1)
  Clock Path Skew:        4.845ns (DCD - SCD + CPR)
    Destination Clock Delay (DCD):    4.845ns
    Source Clock Delay      (SCD):    0.000ns
    Clock Pessimism Removal (CPR):    0.000ns
  Clock Uncertainty:      0.025ns  ((TSJ^2 + TIJ^2)^1/2 + DJ) / 2 + PE
    Total System Jitter     (TSJ):    0.050ns
    Total Input Jitter      (TIJ):    0.000ns
    Discrete Jitter          (DJ):    0.000ns
    Phase Error              (PE):    0.000ns

    Location             Delay type                Incr(ns)  Path(ns)    Netlist Resource(s)
  -------------------------------------------------------------------    -------------------
    V17                                               0.000     0.000 f  sw0
                         net (fo=0)                   0.000     0.000    sw0
    V17                  IBUF (Prop_ibuf_I_O)         1.453     1.453 f  sw0_IBUF_inst/O
                         net (fo=1, routed)           3.179     4.632    deb_d/sw0_IBUF
    SLICE_X63Y23         LUT5 (Prop_lut5_I4_O)        0.124     4.756 r  deb_d/cnt[0]_i_1/O
                         net (fo=16, routed)          0.535     5.291    cntr/cnt[0]
    SLICE_X62Y26         FDRE                                         r  cntr/cnt_reg[13]/CE
  -------------------------------------------------------------------    -------------------

                         (clock sys_clk_pin rise edge)
                                                      0.000     0.000 r  <hidden>
    W5                                                0.000     0.000 r  clk
                         net (fo=0)                   0.000     0.000    clk
    W5                   IBUF (Prop_ibuf_I_O)         1.388     1.388 r  clk_IBUF_inst/O
                         net (fo=1, routed)           1.862     3.250    clk_IBUF
    BUFGCTRL_X0Y0        BUFG (Prop_bufg_I_O)         0.091     3.341 r  clk_IBUF_BUFG_inst/O
                         net (fo=106, routed)         1.504     4.845    cntr/clk_IBUF_BUFG
    SLICE_X62Y26         FDRE                                         r  cntr/cnt_reg[13]/C





Min Delay Paths
--------------------------------------------------------------------------------------
Slack:                    inf
  Source:                 btnU
                            (input port)
  Destination:            deb_u/ff1_reg/D
                            (rising edge-triggered cell FDRE clocked by sys_clk_pin  {rise@0.000ns fall@5.000ns period=10.000ns})
  Path Group:             (none)
  Path Type:              Hold (Min at Fast Process Corner)
  Data Path Delay:        1.529ns  (logic 0.222ns (14.513%)  route 1.307ns (85.487%))
  Logic Levels:           1  (IBUF=1)
  Clock Path Skew:        1.982ns (DCD - SCD - CPR)
    Destination Clock Delay (DCD):    1.982ns
    Source Clock Delay      (SCD):    0.000ns
    Clock Pessimism Removal (CPR):    -0.000ns

    Location             Delay type                Incr(ns)  Path(ns)    Netlist Resource(s)
  -------------------------------------------------------------------    -------------------
    T18                                               0.000     0.000 r  btnU
                         net (fo=0)                   0.000     0.000    btnU
    T18                  IBUF (Prop_ibuf_I_O)         0.222     0.222 r  btnU_IBUF_inst/O
                         net (fo=1, routed)           1.307     1.529    deb_u/btnU_IBUF
    SLICE_X58Y18         FDRE                                         r  deb_u/ff1_reg/D
  -------------------------------------------------------------------    -------------------

                         (clock sys_clk_pin rise edge)
                                                      0.000     0.000 r  <hidden>
    W5                                                0.000     0.000 r  clk
                         net (fo=0)                   0.000     0.000    clk
    W5                   IBUF (Prop_ibuf_I_O)         0.414     0.414 r  clk_IBUF_inst/O
                         net (fo=1, routed)           0.685     1.099    clk_IBUF
    BUFGCTRL_X0Y0        BUFG (Prop_bufg_I_O)         0.029     1.128 r  clk_IBUF_BUFG_inst/O
                         net (fo=106, routed)         0.855     1.982    deb_u/clk_IBUF_BUFG
    SLICE_X58Y18         FDRE                                         r  deb_u/ff1_reg/C

Slack:                    inf
  Source:                 btnD
                            (input port)
  Destination:            deb_d/ff1_reg/D
                            (rising edge-triggered cell FDRE clocked by sys_clk_pin  {rise@0.000ns fall@5.000ns period=10.000ns})
  Path Group:             (none)
  Path Type:              Hold (Min at Fast Process Corner)
  Data Path Delay:        1.530ns  (logic 0.221ns (14.411%)  route 1.310ns (85.589%))
  Logic Levels:           1  (IBUF=1)
  Clock Path Skew:        1.981ns (DCD - SCD - CPR)
    Destination Clock Delay (DCD):    1.981ns
    Source Clock Delay      (SCD):    0.000ns
    Clock Pessimism Removal (CPR):    -0.000ns

    Location             Delay type                Incr(ns)  Path(ns)    Netlist Resource(s)
  -------------------------------------------------------------------    -------------------
    U17                                               0.000     0.000 r  btnD
                         net (fo=0)                   0.000     0.000    btnD
    U17                  IBUF (Prop_ibuf_I_O)         0.221     0.221 r  btnD_IBUF_inst/O
                         net (fo=1, routed)           1.310     1.530    deb_d/btnD_IBUF
    SLICE_X61Y19         FDRE                                         r  deb_d/ff1_reg/D
  -------------------------------------------------------------------    -------------------

                         (clock sys_clk_pin rise edge)
                                                      0.000     0.000 r  <hidden>
    W5                                                0.000     0.000 r  clk
                         net (fo=0)                   0.000     0.000    clk
    W5                   IBUF (Prop_ibuf_I_O)         0.414     0.414 r  clk_IBUF_inst/O
                         net (fo=1, routed)           0.685     1.099    clk_IBUF
    BUFGCTRL_X0Y0        BUFG (Prop_bufg_I_O)         0.029     1.128 r  clk_IBUF_BUFG_inst/O
                         net (fo=106, routed)         0.854     1.981    deb_d/clk_IBUF_BUFG
    SLICE_X61Y19         FDRE                                         r  deb_d/ff1_reg/C

Slack:                    inf
  Source:                 btnC
                            (input port)
  Destination:            deb_c/ff1_reg/D
                            (rising edge-triggered cell FDRE clocked by sys_clk_pin  {rise@0.000ns fall@5.000ns period=10.000ns})
  Path Group:             (none)
  Path Type:              Hold (Min at Fast Process Corner)
  Data Path Delay:        1.548ns  (logic 0.210ns (13.539%)  route 1.338ns (86.461%))
  Logic Levels:           1  (IBUF=1)
  Clock Path Skew:        1.981ns (DCD - SCD - CPR)
    Destination Clock Delay (DCD):    1.981ns
    Source Clock Delay      (SCD):    0.000ns
    Clock Pessimism Removal (CPR):    -0.000ns

    Location             Delay type                Incr(ns)  Path(ns)    Netlist Resource(s)
  -------------------------------------------------------------------    -------------------
    U18                                               0.000     0.000 r  btnC
                         net (fo=0)                   0.000     0.000    btnC
    U18                  IBUF (Prop_ibuf_I_O)         0.210     0.210 r  btnC_IBUF_inst/O
                         net (fo=1, routed)           1.338     1.548    deb_c/btnC_IBUF
    SLICE_X61Y19         FDRE                                         r  deb_c/ff1_reg/D
  -------------------------------------------------------------------    -------------------

                         (clock sys_clk_pin rise edge)
                                                      0.000     0.000 r  <hidden>
    W5                                                0.000     0.000 r  clk
                         net (fo=0)                   0.000     0.000    clk
    W5                   IBUF (Prop_ibuf_I_O)         0.414     0.414 r  clk_IBUF_inst/O
                         net (fo=1, routed)           0.685     1.099    clk_IBUF
    BUFGCTRL_X0Y0        BUFG (Prop_bufg_I_O)         0.029     1.128 r  clk_IBUF_BUFG_inst/O
                         net (fo=106, routed)         0.854     1.981    deb_c/clk_IBUF_BUFG
    SLICE_X61Y19         FDRE                                         r  deb_c/ff1_reg/C

Slack:                    inf
  Source:                 sw0
                            (input port)
  Destination:            cntr/cnt_reg[4]/CE
                            (rising edge-triggered cell FDRE clocked by sys_clk_pin  {rise@0.000ns fall@5.000ns period=10.000ns})
  Path Group:             (none)
  Path Type:              Hold (Min at Fast Process Corner)
  Data Path Delay:        1.899ns  (logic 0.266ns (14.008%)  route 1.633ns (85.992%))
  Logic Levels:           2  (IBUF=1 LUT5=1)
  Clock Path Skew:        1.977ns (DCD - SCD - CPR)
    Destination Clock Delay (DCD):    1.977ns
    Source Clock Delay      (SCD):    0.000ns
    Clock Pessimism Removal (CPR):    -0.000ns

    Location             Delay type                Incr(ns)  Path(ns)    Netlist Resource(s)
  -------------------------------------------------------------------    -------------------
    V17                                               0.000     0.000 f  sw0
                         net (fo=0)                   0.000     0.000    sw0
    V17                  IBUF (Prop_ibuf_I_O)         0.221     0.221 f  sw0_IBUF_inst/O
                         net (fo=1, routed)           1.490     1.711    deb_d/sw0_IBUF
    SLICE_X63Y23         LUT5 (Prop_lut5_I4_O)        0.045     1.756 r  deb_d/cnt[0]_i_1/O
                         net (fo=16, routed)          0.143     1.899    cntr/cnt[0]
    SLICE_X62Y24         FDRE                                         r  cntr/cnt_reg[4]/CE
  -------------------------------------------------------------------    -------------------

                         (clock sys_clk_pin rise edge)
                                                      0.000     0.000 r  <hidden>
    W5                                                0.000     0.000 r  clk
                         net (fo=0)                   0.000     0.000    clk
    W5                   IBUF (Prop_ibuf_I_O)         0.414     0.414 r  clk_IBUF_inst/O
                         net (fo=1, routed)           0.685     1.099    clk_IBUF
    BUFGCTRL_X0Y0        BUFG (Prop_bufg_I_O)         0.029     1.128 r  clk_IBUF_BUFG_inst/O
                         net (fo=106, routed)         0.850     1.977    cntr/clk_IBUF_BUFG
    SLICE_X62Y24         FDRE                                         r  cntr/cnt_reg[4]/C

Slack:                    inf
  Source:                 sw0
                            (input port)
  Destination:            cntr/cnt_reg[5]/CE
                            (rising edge-triggered cell FDRE clocked by sys_clk_pin  {rise@0.000ns fall@5.000ns period=10.000ns})
  Path Group:             (none)
  Path Type:              Hold (Min at Fast Process Corner)
  Data Path Delay:        1.899ns  (logic 0.266ns (14.008%)  route 1.633ns (85.992%))
  Logic Levels:           2  (IBUF=1 LUT5=1)
  Clock Path Skew:        1.977ns (DCD - SCD - CPR)
    Destination Clock Delay (DCD):    1.977ns
    Source Clock Delay      (SCD):    0.000ns
    Clock Pessimism Removal (CPR):    -0.000ns

    Location             Delay type                Incr(ns)  Path(ns)    Netlist Resource(s)
  -------------------------------------------------------------------    -------------------
    V17                                               0.000     0.000 f  sw0
                         net (fo=0)                   0.000     0.000    sw0
    V17                  IBUF (Prop_ibuf_I_O)         0.221     0.221 f  sw0_IBUF_inst/O
                         net (fo=1, routed)           1.490     1.711    deb_d/sw0_IBUF
    SLICE_X63Y23         LUT5 (Prop_lut5_I4_O)        0.045     1.756 r  deb_d/cnt[0]_i_1/O
                         net (fo=16, routed)          0.143     1.899    cntr/cnt[0]
    SLICE_X62Y24         FDRE                                         r  cntr/cnt_reg[5]/CE
  -------------------------------------------------------------------    -------------------

                         (clock sys_clk_pin rise edge)
                                                      0.000     0.000 r  <hidden>
    W5                                                0.000     0.000 r  clk
                         net (fo=0)                   0.000     0.000    clk
    W5                   IBUF (Prop_ibuf_I_O)         0.414     0.414 r  clk_IBUF_inst/O
                         net (fo=1, routed)           0.685     1.099    clk_IBUF
    BUFGCTRL_X0Y0        BUFG (Prop_bufg_I_O)         0.029     1.128 r  clk_IBUF_BUFG_inst/O
                         net (fo=106, routed)         0.850     1.977    cntr/clk_IBUF_BUFG
    SLICE_X62Y24         FDRE                                         r  cntr/cnt_reg[5]/C

Slack:                    inf
  Source:                 sw0
                            (input port)
  Destination:            cntr/cnt_reg[6]/CE
                            (rising edge-triggered cell FDRE clocked by sys_clk_pin  {rise@0.000ns fall@5.000ns period=10.000ns})
  Path Group:             (none)
  Path Type:              Hold (Min at Fast Process Corner)
  Data Path Delay:        1.899ns  (logic 0.266ns (14.008%)  route 1.633ns (85.992%))
  Logic Levels:           2  (IBUF=1 LUT5=1)
  Clock Path Skew:        1.977ns (DCD - SCD - CPR)
    Destination Clock Delay (DCD):    1.977ns
    Source Clock Delay      (SCD):    0.000ns
    Clock Pessimism Removal (CPR):    -0.000ns

    Location             Delay type                Incr(ns)  Path(ns)    Netlist Resource(s)
  -------------------------------------------------------------------    -------------------
    V17                                               0.000     0.000 f  sw0
                         net (fo=0)                   0.000     0.000    sw0
    V17                  IBUF (Prop_ibuf_I_O)         0.221     0.221 f  sw0_IBUF_inst/O
                         net (fo=1, routed)           1.490     1.711    deb_d/sw0_IBUF
    SLICE_X63Y23         LUT5 (Prop_lut5_I4_O)        0.045     1.756 r  deb_d/cnt[0]_i_1/O
                         net (fo=16, routed)          0.143     1.899    cntr/cnt[0]
    SLICE_X62Y24         FDRE                                         r  cntr/cnt_reg[6]/CE
  -------------------------------------------------------------------    -------------------

                         (clock sys_clk_pin rise edge)
                                                      0.000     0.000 r  <hidden>
    W5                                                0.000     0.000 r  clk
                         net (fo=0)                   0.000     0.000    clk
    W5                   IBUF (Prop_ibuf_I_O)         0.414     0.414 r  clk_IBUF_inst/O
                         net (fo=1, routed)           0.685     1.099    clk_IBUF
    BUFGCTRL_X0Y0        BUFG (Prop_bufg_I_O)         0.029     1.128 r  clk_IBUF_BUFG_inst/O
                         net (fo=106, routed)         0.850     1.977    cntr/clk_IBUF_BUFG
    SLICE_X62Y24         FDRE                                         r  cntr/cnt_reg[6]/C

Slack:                    inf
  Source:                 sw0
                            (input port)
  Destination:            cntr/cnt_reg[7]/CE
                            (rising edge-triggered cell FDRE clocked by sys_clk_pin  {rise@0.000ns fall@5.000ns period=10.000ns})
  Path Group:             (none)
  Path Type:              Hold (Min at Fast Process Corner)
  Data Path Delay:        1.899ns  (logic 0.266ns (14.008%)  route 1.633ns (85.992%))
  Logic Levels:           2  (IBUF=1 LUT5=1)
  Clock Path Skew:        1.977ns (DCD - SCD - CPR)
    Destination Clock Delay (DCD):    1.977ns
    Source Clock Delay      (SCD):    0.000ns
    Clock Pessimism Removal (CPR):    -0.000ns

    Location             Delay type                Incr(ns)  Path(ns)    Netlist Resource(s)
  -------------------------------------------------------------------    -------------------
    V17                                               0.000     0.000 f  sw0
                         net (fo=0)                   0.000     0.000    sw0
    V17                  IBUF (Prop_ibuf_I_O)         0.221     0.221 f  sw0_IBUF_inst/O
                         net (fo=1, routed)           1.490     1.711    deb_d/sw0_IBUF
    SLICE_X63Y23         LUT5 (Prop_lut5_I4_O)        0.045     1.756 r  deb_d/cnt[0]_i_1/O
                         net (fo=16, routed)          0.143     1.899    cntr/cnt[0]
    SLICE_X62Y24         FDRE                                         r  cntr/cnt_reg[7]/CE
  -------------------------------------------------------------------    -------------------

                         (clock sys_clk_pin rise edge)
                                                      0.000     0.000 r  <hidden>
    W5                                                0.000     0.000 r  clk
                         net (fo=0)                   0.000     0.000    clk
    W5                   IBUF (Prop_ibuf_I_O)         0.414     0.414 r  clk_IBUF_inst/O
                         net (fo=1, routed)           0.685     1.099    clk_IBUF
    BUFGCTRL_X0Y0        BUFG (Prop_bufg_I_O)         0.029     1.128 r  clk_IBUF_BUFG_inst/O
                         net (fo=106, routed)         0.850     1.977    cntr/clk_IBUF_BUFG
    SLICE_X62Y24         FDRE                                         r  cntr/cnt_reg[7]/C

Slack:                    inf
  Source:                 sw0
                            (input port)
  Destination:            cntr/cnt_reg[0]/CE
                            (rising edge-triggered cell FDRE clocked by sys_clk_pin  {rise@0.000ns fall@5.000ns period=10.000ns})
  Path Group:             (none)
  Path Type:              Hold (Min at Fast Process Corner)
  Data Path Delay:        1.956ns  (logic 0.266ns (13.595%)  route 1.690ns (86.405%))
  Logic Levels:           2  (IBUF=1 LUT5=1)
  Clock Path Skew:        1.978ns (DCD - SCD - CPR)
    Destination Clock Delay (DCD):    1.978ns
    Source Clock Delay      (SCD):    0.000ns
    Clock Pessimism Removal (CPR):    -0.000ns

    Location             Delay type                Incr(ns)  Path(ns)    Netlist Resource(s)
  -------------------------------------------------------------------    -------------------
    V17                                               0.000     0.000 f  sw0
                         net (fo=0)                   0.000     0.000    sw0
    V17                  IBUF (Prop_ibuf_I_O)         0.221     0.221 f  sw0_IBUF_inst/O
                         net (fo=1, routed)           1.490     1.711    deb_d/sw0_IBUF
    SLICE_X63Y23         LUT5 (Prop_lut5_I4_O)        0.045     1.756 r  deb_d/cnt[0]_i_1/O
                         net (fo=16, routed)          0.200     1.956    cntr/cnt[0]
    SLICE_X62Y23         FDRE                                         r  cntr/cnt_reg[0]/CE
  -------------------------------------------------------------------    -------------------

                         (clock sys_clk_pin rise edge)
                                                      0.000     0.000 r  <hidden>
    W5                                                0.000     0.000 r  clk
                         net (fo=0)                   0.000     0.000    clk
    W5                   IBUF (Prop_ibuf_I_O)         0.414     0.414 r  clk_IBUF_inst/O
                         net (fo=1, routed)           0.685     1.099    clk_IBUF
    BUFGCTRL_X0Y0        BUFG (Prop_bufg_I_O)         0.029     1.128 r  clk_IBUF_BUFG_inst/O
                         net (fo=106, routed)         0.851     1.978    cntr/clk_IBUF_BUFG
    SLICE_X62Y23         FDRE                                         r  cntr/cnt_reg[0]/C

Slack:                    inf
  Source:                 sw0
                            (input port)
  Destination:            cntr/cnt_reg[1]/CE
                            (rising edge-triggered cell FDRE clocked by sys_clk_pin  {rise@0.000ns fall@5.000ns period=10.000ns})
  Path Group:             (none)
  Path Type:              Hold (Min at Fast Process Corner)
  Data Path Delay:        1.956ns  (logic 0.266ns (13.595%)  route 1.690ns (86.405%))
  Logic Levels:           2  (IBUF=1 LUT5=1)
  Clock Path Skew:        1.978ns (DCD - SCD - CPR)
    Destination Clock Delay (DCD):    1.978ns
    Source Clock Delay      (SCD):    0.000ns
    Clock Pessimism Removal (CPR):    -0.000ns

    Location             Delay type                Incr(ns)  Path(ns)    Netlist Resource(s)
  -------------------------------------------------------------------    -------------------
    V17                                               0.000     0.000 f  sw0
                         net (fo=0)                   0.000     0.000    sw0
    V17                  IBUF (Prop_ibuf_I_O)         0.221     0.221 f  sw0_IBUF_inst/O
                         net (fo=1, routed)           1.490     1.711    deb_d/sw0_IBUF
    SLICE_X63Y23         LUT5 (Prop_lut5_I4_O)        0.045     1.756 r  deb_d/cnt[0]_i_1/O
                         net (fo=16, routed)          0.200     1.956    cntr/cnt[0]
    SLICE_X62Y23         FDRE                                         r  cntr/cnt_reg[1]/CE
  -------------------------------------------------------------------    -------------------

                         (clock sys_clk_pin rise edge)
                                                      0.000     0.000 r  <hidden>
    W5                                                0.000     0.000 r  clk
                         net (fo=0)                   0.000     0.000    clk
    W5                   IBUF (Prop_ibuf_I_O)         0.414     0.414 r  clk_IBUF_inst/O
                         net (fo=1, routed)           0.685     1.099    clk_IBUF
    BUFGCTRL_X0Y0        BUFG (Prop_bufg_I_O)         0.029     1.128 r  clk_IBUF_BUFG_inst/O
                         net (fo=106, routed)         0.851     1.978    cntr/clk_IBUF_BUFG
    SLICE_X62Y23         FDRE                                         r  cntr/cnt_reg[1]/C

Slack:                    inf
  Source:                 sw0
                            (input port)
  Destination:            cntr/cnt_reg[2]/CE
                            (rising edge-triggered cell FDRE clocked by sys_clk_pin  {rise@0.000ns fall@5.000ns period=10.000ns})
  Path Group:             (none)
  Path Type:              Hold (Min at Fast Process Corner)
  Data Path Delay:        1.956ns  (logic 0.266ns (13.595%)  route 1.690ns (86.405%))
  Logic Levels:           2  (IBUF=1 LUT5=1)
  Clock Path Skew:        1.978ns (DCD - SCD - CPR)
    Destination Clock Delay (DCD):    1.978ns
    Source Clock Delay      (SCD):    0.000ns
    Clock Pessimism Removal (CPR):    -0.000ns

    Location             Delay type                Incr(ns)  Path(ns)    Netlist Resource(s)
  -------------------------------------------------------------------    -------------------
    V17                                               0.000     0.000 f  sw0
                         net (fo=0)                   0.000     0.000    sw0
    V17                  IBUF (Prop_ibuf_I_O)         0.221     0.221 f  sw0_IBUF_inst/O
                         net (fo=1, routed)           1.490     1.711    deb_d/sw0_IBUF
    SLICE_X63Y23         LUT5 (Prop_lut5_I4_O)        0.045     1.756 r  deb_d/cnt[0]_i_1/O
                         net (fo=16, routed)          0.200     1.956    cntr/cnt[0]
    SLICE_X62Y23         FDRE                                         r  cntr/cnt_reg[2]/CE
  -------------------------------------------------------------------    -------------------

                         (clock sys_clk_pin rise edge)
                                                      0.000     0.000 r  <hidden>
    W5                                                0.000     0.000 r  clk
                         net (fo=0)                   0.000     0.000    clk
    W5                   IBUF (Prop_ibuf_I_O)         0.414     0.414 r  clk_IBUF_inst/O
                         net (fo=1, routed)           0.685     1.099    clk_IBUF
    BUFGCTRL_X0Y0        BUFG (Prop_bufg_I_O)         0.029     1.128 r  clk_IBUF_BUFG_inst/O
                         net (fo=106, routed)         0.851     1.978    cntr/clk_IBUF_BUFG
    SLICE_X62Y23         FDRE                                         r  cntr/cnt_reg[2]/C





